Name,Ticker,Sector,Country,Market_Cap,Revenue,Beta,EBITDA,Free_Cash_Flow,Total_Debt,Total_Cash,Dividend_Yield,Revenue_Growth,ROE,Operating_Margin,Profit_Margin,Debt_to_Equity,Revenue_LC
GLOBANT SA,GLOB,Technology,Luxembourg,2128895488.0,2484890880.0,1.173,496978176.0,298186905.6,532223872.0,212889548.8,0.0,0.08,0.12,0.15,0.1,50,2484890880.0
ROBINHOOD MARKETS INC.,HOOD,Financial Services,United States,67982700544.0,4472999936.0,2.44,894599987.2,536759992.32,16995675136.0,6798270054.400001,0.0,0.08,0.12,0.15,0.1,50,4472999936.0
KADANT INC.,KDA.F,Industrials,United States,3468989306.88,1105999902.72,1.228,221199980.54400003,132719988.3264,867247326.72,346898930.688,0.0,0.08,0.12,0.15,0.1,50,1105999902.72
ACCENTURE PLC,ACN,Technology,Ireland,137277046784.0,70725558272.0,1.236,14145111654.400002,8487066992.639999,34319261696.0,13727704678.400002,0.0,0.08,0.12,0.15,0.1,50,70725558272.0
SYNOPSYS INC.,SNPS,Technology,United States,80405299200.0,7054177792.0,1.126,1410835558.4,846501335.04,20101324800.0,8040529920.0,0.0,0.08,0.12,0.15,0.1,50,7054177792.0
TOTALENERGIES SE,TTE,Energy,France,164190830592.0,182344007680.0,0.253,36468801536.0,21881280921.6,41047707648.0,16419083059.2,0.0,0.08,0.12,0.15,0.1,50,182344007680.0
FPT CORPORATION,FPTVN19.BK,Technology,Vietnam,201013854208.0,0.0,0.392,0.0,0.0,50253463552.0,20101385420.8,0.0,0.08,0.12,0.15,0.1,50,0.0
SIEMENS AG,SIE.DE,Industrials,Germany,199414999941.12003,86076000829.44,1.177,17215200165.888,10329120099.5328,49853749985.28001,19941499994.112003,0.0,0.08,0.12,0.15,0.1,50,86076000829.44
INTERNET INITIATIVE JAPAN INC.,IIJ.F,Communication Services,Japan,2201595033.6000004,2401073995.972608,0.382,480214799.1945216,288128879.51671296,550398758.4000001,220159503.36000004,0.0,0.08,0.12,0.15,0.1,50,363799090298.88
ELASTIC INC.,ESTC,Technology,Netherlands,6354560512.0,1609283968.0,0.951,321856793.6,193114076.16,1588640128.0,635456051.2,0.0,0.08,0.12,0.15,0.1,50,1609283968.0
BULL SA,BULL,Technology,United States,2970755584.0,514797408.0,-0.102,102959481.6,61775688.96,742688896.0,297075558.40000004,0.0,0.08,0.12,0.15,0.1,50,514797408.0
VITEC SOFTWARE GROUP AB,VIT-B.ST,Technology,Sweden,871103779.84,345180885.76,0.938,69036177.152,41421706.2912,217775944.96,87110377.98400001,0.0,0.08,0.12,0.15,0.1,50,345180885.76
"WEIR GROUP PLC, THE",42W.F,Industrials,United Kingdom,11323801313.28,2692655861.76,1.044,538531172.3520001,323118703.4112,2830950328.32,1132380131.328,0.0,0.08,0.12,0.15,0.1,50,2692655861.76
ADOBE SYSTEMS INC.,ADBE,Technology,United States,108337864704.0,23768999936.0,1.515,4753799987.2,2852279992.32,27084466176.0,10833786470.400002,0.0,0.08,0.12,0.15,0.1,50,23768999936.0
SMX (SECURITY MATTERS) PLC,SMX,Industrials,Ireland,501368576.0,0.0,-2.923,0.0,0.0,125342144.0,50136857.6,0.0,0.08,0.12,0.15,0.1,50,0.0
MOOG INC.,MOG-A,Industrials,United States,10278313984.0,4053088000.0,0.956,810617600.0,486370560.0,2569578496.0,1027831398.4,0.0,0.08,0.12,0.15,0.1,50,4053088000.0
TRANE TECHNOLOGIES PLC,TT,Industrials,Ireland,103838162944.0,21321900032.0,1.211,4264380006.4,2558628003.84,25959540736.0,10383816294.400002,0.0,0.08,0.12,0.15,0.1,50,21321900032.0
VIASAT INC.,VSAT,Technology,United States,6371171840.0,4616074240.0,1.454,923214848.0,553928908.8,1592792960.0,637117184.0,0.0,0.08,0.12,0.15,0.1,50,4616074240.0
MSCI INC.,MSCI,Financial Services,United States,39332544512.0,3134458880.0,1.281,626891776.0,376135065.6,9833136128.0,3933254451.2,0.0,0.08,0.12,0.15,0.1,50,3134458880.0
REUTERS HOLDINGS PLC,TRI,Industrials,Canada,37017325568.0,7475999744.0,0.296,1495199948.8000002,897119969.28,9254331392.0,3701732556.8,0.0,0.08,0.12,0.15,0.1,50,7475999744.0
VIA TRANSPORTATION INC.,C0I.F,Technology,United States,1397357429.76,439680960.0,,87936192.0,52761715.2,349339357.44,139735742.976,0.0,0.08,0.12,0.15,0.1,50,439680960.0
ATLASSIAN CORPORATION PLC,TEAM,Technology,Australia,21315796992.0,5759927808.0,0.88,1151985561.6,691191336.9599999,5328949248.0,2131579699.2,0.0,0.08,0.12,0.15,0.1,50,5759927808.0
BAE SYSTEMS PLC,BA.L,Industrials,United Kingdom,751359550.6688,348056201.6256,-0.009,69611240.32512,41766744.195072,187839887.6672,75135955.06688,0.0,0.08,0.12,0.15,0.1,50,348056201.6256
SANDVIK AB,SAND.ST,Industrials,Sweden,44437248737.28,11464599756.8,1.341,2292919951.36,1375751970.8159995,11109312184.32,4443724873.728,0.0,0.08,0.12,0.15,0.1,50,11464599756.8
IB GROUP SA,IBM,Technology,United States,241909465088.0,67534999552.0,0.691,13506999910.400002,8104199946.24,60477366272.0,24190946508.800003,0.0,0.08,0.12,0.15,0.1,50,67534999552.0
HITACHI ENERGY AG,POWERINDIA.BO,Industrials,India,12284160638.976,874337992.704,0.12,174867598.5408,104920559.12448,3071040159.744,1228416063.8976,0.0,0.08,0.12,0.15,0.1,50,874337992.704
SNAP INC.,SNAP,Communication Services,United States,7938073600.0,5931446784.0,0.796,1186289356.8,711773614.0799999,1984518400.0,793807360.0,0.0,0.08,0.12,0.15,0.1,50,5931446784.0
CGI HOLDING CORPORATION,GIB,Technology,Canada,15858875392.0,16205783040.0,0.409,3241156608.0,1944693964.8,3964718848.0,1585887539.2,0.0,0.08,0.12,0.15,0.1,50,16205783040.0
BLACKLINE INC.,BL,Technology,United States,2343073024.0,700427008.0,0.865,140085401.6,84051240.96,585768256.0,234307302.4,0.0,0.08,0.12,0.15,0.1,50,700427008.0
IPSOS SA,IPS.PA,Industrials,France,1397320243.2,2653873182.7200003,0.656,530774636.5440001,318464781.9264,349330060.8,139732024.32000002,0.0,0.08,0.12,0.15,0.1,50,2653873182.7200003
BECHTLE AG,BC8.F,Technology,Germany,4458031257.6,6860888801.280001,0.89,1372177760.2560005,823306656.1536001,1114507814.4,445803125.7600001,0.0,0.08,0.12,0.15,0.1,50,6860888801.280001
PTC INC.,PTC,Technology,United States,18204620800.0,2859922944.0,1.034,571984588.8000001,343190753.28,4551155200.0,1820462080.0,0.0,0.08,0.12,0.15,0.1,50,2859922944.0
IFX GROUP PLC,IFX.DE,Technology,Germany,62693344051.200005,16091999723.52,1.673,3218399944.7040005,1931039966.8224,15673336012.8,6269334405.120001,0.0,0.08,0.12,0.15,0.1,50,16091999723.52
HEXATRONIC GROUP AB,02H0.F,Technology,Sweden,553887970.5600001,0.0,1.524,0.0,0.0,138471992.64000002,55388797.05600001,0.0,0.08,0.12,0.15,0.1,50,0.0
INDRA SISTEMAS SA,IDR.MC,Technology,Spain,9755684167.68,5591980523.52,0.697,1118396104.7040002,671037662.8224,2438921041.92,975568416.768,0.0,0.08,0.12,0.15,0.1,50,5591980523.52
CAPGEMINI SE,CAP.PA,Technology,France,18852074127.36,24262199377.92,0.754,4852439875.584001,2911463925.3504,4713018531.84,1885207412.736,0.0,0.08,0.12,0.15,0.1,50,24262199377.92
SPS COMMERCE INC.,SPSC,Technology,United States,2281728512.0,751505024.0,0.557,150301004.8,90180602.88,570432128.0,228172851.2,0.0,0.08,0.12,0.15,0.1,50,751505024.0
SERVICENOW INC.,NOW,Technology,United States,111233171456.0,13278000128.0,0.978,2655600025.6000004,1593360015.36,27808292864.0,11123317145.6,0.0,0.08,0.12,0.15,0.1,50,13278000128.0
COMPASS INC.,COMP,Real Estate,United States,7355220992.0,6642200064.0,2.542,1328440012.8000002,797064007.68,1838805248.0,735522099.2,0.0,0.08,0.12,0.15,0.1,50,6642200064.0
SAAB AB,SDV1.F,Industrials,Sweden,34034329681.92,0.0,0.025,0.0,0.0,8508582420.48,3403432968.1920004,0.0,0.08,0.12,0.15,0.1,50,0.0
NETSKOPE INC.,Z2G.F,Technology,United States,4452285450.240001,714045265.9200001,,142809053.18400002,85685431.9104,1113071362.5600002,445228545.0240001,0.0,0.08,0.12,0.15,0.1,50,714045265.9200001
ESI GROUP SA,ESI,Basic Materials,United States,7808127488.0,2499200000.0,1.276,499840000.0,299904000.0,1952031872.0,780812748.8000001,0.0,0.08,0.12,0.15,0.1,50,2499200000.0
DYNATRACE INC.,DT,Technology,United States,11034469376.0,1931836032.0,0.812,386367206.4,231820323.84,2758617344.0,1103446937.6,0.0,0.08,0.12,0.15,0.1,50,1931836032.0
ADVANCED MICRO DEVICES INC.,AMD,Technology,United States,330304946176.0,34638999552.0,1.949,6927799910.400001,4156679946.24,82576236544.0,33030494617.6,0.0,0.08,0.12,0.15,0.1,50,34638999552.0
INTERTEK GROUP PLC,IT1.F,Industrials,United Kingdom,8406268231.68,3668112138.24,0.65,733622427.6480001,440173456.5888,2101567057.92,840626823.1680001,0.0,0.08,0.12,0.15,0.1,50,3668112138.24
OPEN TEXT CORPORATION,OTEX,Technology,Canada,6162052096.0,5179770880.0,1.087,1035954176.0,621572505.6,1540513024.0,616205209.6,0.0,0.08,0.12,0.15,0.1,50,5179770880.0
SOFTBANK CORPORATION,9984.T,Communication Services,Japan,169870460819.8656,51324832920.3712,0.63,10264966584.07424,6158979950.444544,42467615204.9664,16987046081.98656,0.0,0.08,0.12,0.15,0.1,50,51324832920.3712
INSIGHT ENTERPRISES INC.,NSIT,Technology,United States,2630130688.0,8247179776.0,0.918,1649435955.2,989661573.12,657532672.0,263013068.8,0.0,0.08,0.12,0.15,0.1,50,8247179776.0
PAYONEER INC.,PAYO,Technology,United States,1951108736.0,1039820032.0,1.042,207964006.4,124778403.84,487777184.0,195110873.6,0.0,0.08,0.12,0.15,0.1,50,1039820032.0
RINGCENTRAL INC.,RNG,Technology,United States,2537644800.0,2485620992.0,1.231,497124198.4,298274519.04,634411200.0,253764480.0,0.0,0.08,0.12,0.15,0.1,50,2485620992.0
ALTEN SA,AN3.F,Technology,France,2297344896.0,4448913223.68,1.199,889782644.7360001,533869586.8416,574336224.0,229734489.6,0.0,0.08,0.12,0.15,0.1,50,4448913223.68
AB-SYSTEM,CSCO,Technology,United States,304550379520.0,59053998080.0,0.865,11810799616.0,7086479769.599999,76137594880.0,30455037952.0,0.0,0.08,0.12,0.15,0.1,50,59053998080.0
TIETO CORPORATION OYJ,TTEB.F,Technology,Finland,2448726128.6400003,2000484034.56,0.759,400096806.91200006,240058084.1472,612181532.1600001,244872612.86400005,0.0,0.08,0.12,0.15,0.1,50,2000484034.56
ATS CORPORATION,ATS,Industrials,Canada,3078183168.0,2800072960.0,1.163,560014592.0,336008755.2,769545792.0,307818316.8,0.0,0.08,0.12,0.15,0.1,50,2800072960.0
CARL ZEISS AG,CZMWY,Healthcare,Germany,2812534272.0,2204144896.0,1.435,440828979.2000001,264497387.52,703133568.0,281253427.2,0.0,0.08,0.12,0.15,0.1,50,2204144896.0
EBAY INC.,EBAY,Consumer Cyclical,United States,36594274304.0,10714000384.0,1.38,2142800076.8,1285680046.08,9148568576.0,3659427430.4,0.0,0.08,0.12,0.15,0.1,50,10714000384.0
AROBS TRANSILVANIA SOFTWARE SA,AROBS.RO,Technology,Romania,768232576.0,436986784.0,0.601,87397356.80000001,52438414.08,192058144.0,76823257.60000001,0.0,0.08,0.12,0.15,0.1,50,436986784.0
HAGER SE,HGTY,Financial Services,United States,4171104512.0,1360017024.0,0.891,272003404.8,163202042.88,1042776128.0,417110451.2000001,0.0,0.08,0.12,0.15,0.1,50,1360017024.0
DOCEBO INC.,DCBO,Technology,Canada,541879232.0,236691008.0,0.977,47338201.6,28402920.96,135469808.0,54187923.2,0.0,0.08,0.12,0.15,0.1,50,236691008.0
WOLTERS KLUWER HEALTH INC.,WKL.AS,Industrials,Netherlands,15136257024.000002,6563160207.360001,0.194,1312632041.472,787579224.8832,3784064256.000001,1513625702.4000003,0.0,0.08,0.12,0.15,0.1,50,6563160207.360001
BRAZE INC.,BRZE,Technology,United States,2066450304.0,693411968.0,1.064,138682393.6,83209436.16,516612576.0,206645030.4,0.0,0.08,0.12,0.15,0.1,50,693411968.0
VERISK ANALYTICS INC.,VRSK,Industrials,United States,25311463424.0,3029499904.0,0.804,605899980.8000001,363539988.48,6327865856.0,2531146342.4,0.0,0.08,0.12,0.15,0.1,50,3029499904.0
CADENCE DESIGN SYSTEMS INC.,CDNS,Technology,United States,78676033536.0,5212625920.0,1.005,1042525184.0,625515110.4,19669008384.0,7867603353.6,0.0,0.08,0.12,0.15,0.1,50,5212625920.0
CANCOM SE,COK.DE,Technology,Germany,799859473.9200001,1844433745.92,1.234,368886749.184,221332049.5104,199964868.48,79985947.392,0.0,0.08,0.12,0.15,0.1,50,1844433745.92
AXWAY SOFTWARE SA,1XV.SG,Technology,United States,916421437.44,709783534.08,0.585,141956706.816,85174024.0896,229105359.36,91642143.74400002,0.0,0.08,0.12,0.15,0.1,50,709783534.08
AIRBNB INC.,ABNB,Consumer Cyclical,United States,75835523072.0,12241000448.0,1.139,2448200089.6,1468920053.76,18958880768.0,7583552307.200001,0.0,0.08,0.12,0.15,0.1,50,12241000448.0
NAVAN INC.,NAVN,Technology,United States,2496386304.0,656339008.0,,131267801.6,78760680.96,624096576.0,249638630.4,0.0,0.08,0.12,0.15,0.1,50,656339008.0
"BUKALAPAK.COM TBK, PT",5E9.F,Consumer Cyclical,Indonesia,609604116.48,0.0,0.326,0.0,0.0,152401029.12,60960411.648,0.0,0.08,0.12,0.15,0.1,50,0.0
HAVAS SA,JP71.F,Communication Services,France,1522640885.76,3137399930.88,,627479986.176,376487991.7056,380660221.44,152264088.576,0.0,0.08,0.12,0.15,0.1,50,3137399930.88
KINEPOLIS GROUP NV,0QV7.IL,Communication Services,Belgium,822304673.2800001,601712271.36,1.519862,120342454.272,72205472.5632,205576168.32,82230467.32800001,0.0,0.08,0.12,0.15,0.1,50,601712271.36
VIMIAN GROUP AB,0V0.F,Healthcare,Sweden,1405567503.36,459000000.00000006,1.419,91800000.0,55080000.00000001,351391875.84000003,140556750.33600003,0.0,0.08,0.12,0.15,0.1,50,459000000.00000006
MASTERCARD INTERNATIONAL INC.,MA,Financial Services,United States,466878791680.0,32790999040.0,0.821,6558199808.0,3934919884.8,116719697920.0,46687879168.0,0.0,0.08,0.12,0.15,0.1,50,32790999040.0
UNIVERSAL MUSIC GROUP INC.,UMG.AS,Communication Services,Netherlands,38542409072.64,13164119654.400002,0.765,2632823930.8800006,1579694358.528,9635602268.16,3854240907.264,0.0,0.08,0.12,0.15,0.1,50,13164119654.400002
ASSA ABLOY IDENTIFICATION TECHNOLOGY GROUP AB,1ASSA.MI,Industrials,Sweden,44134697041.920006,0.0,0.825,0.0,0.0,11033674260.48,4413469704.192,0.0,0.08,0.12,0.15,0.1,50,0.0
POWERFLEET INC.,PWR.JO,Technology,United States,8357375488.0,432924992.0,1.315,86584998.4,51950999.04,2089343872.0,835737548.8000001,0.0,0.08,0.12,0.15,0.1,50,432924992.0
CRITEO CORPORATION,CRTO,Communication Services,France,864466496.0,1944900992.0,0.372,388980198.4,233388119.04,216116624.0,86446649.60000001,0.0,0.08,0.12,0.15,0.1,50,1944900992.0
XOMETRY INC.,XMTR,Industrials,United States,2865256448.0,642780032.0,0.854,128556006.4,77133603.84,716314112.0,286525644.8,0.0,0.08,0.12,0.15,0.1,50,642780032.0
ROCKWELL AUTOMATION INC.,ROK,Industrials,United States,43592593408.0,8566000128.0,1.527,1713200025.6,1027920015.36,10898148352.0,4359259340.8,0.0,0.08,0.12,0.15,0.1,50,8566000128.0
RESIDEO TECHNOLOGIES INC.,REZI,Industrials,United States,5443635200.0,7434999808.0,1.737,1486999961.6,892199976.9599999,1360908800.0,544363520.0,0.0,0.08,0.12,0.15,0.1,50,7434999808.0
OSTERREICHISCHE POST AG,OSTIY,Industrials,Austria,2600776704.0,3106899968.0,0.626,621379993.6,372827996.16,650194176.0,260077670.4,0.0,0.08,0.12,0.15,0.1,50,3106899968.0
LUMINE GROUP INC.,LMN.V,Technology,Canada,3471355392.0,544983360.0,1.151,108996672.0,65398003.2,867838848.0,347135539.20000005,0.0,0.08,0.12,0.15,0.1,50,544983360.0
BAYERISCHE MOTOREN WERKE AG,BMW.DE,Consumer Cyclical,Germany,59618523709.44,147328202833.92,0.748,29465640566.784004,17679384340.0704,14904630927.36,5961852370.944,0.0,0.08,0.12,0.15,0.1,50,147328202833.92
AZENTA INC.,AZTA,Healthcare,United States,1325881088.0,595027008.0,1.337,119005401.6,71403240.96,331470272.0,132588108.8,0.0,0.08,0.12,0.15,0.1,50,595027008.0
SUN CORPORATION,SUN,Energy,United States,11241722880.0,21870000128.0,0.522,4374000025.6,2624400015.36,2810430720.0,1124172288.0,0.0,0.08,0.12,0.15,0.1,50,21870000128.0
COFACE SA,65C.F,Financial Services,France,2570327009.28,2091025843.2,0.487,418205168.6400001,250923101.184,642581752.32,257032700.92800003,0.0,0.08,0.12,0.15,0.1,50,2091025843.2
ITA GROUP INC.,ITUB,Financial Services,Brazil,100270227456.0,138947002368.0,0.199,27789400473.6,16673640284.16,25067556864.0,10027022745.6,0.0,0.08,0.12,0.15,0.1,50,138947002368.0
INSTALCO AB,INSTAL.ST,Industrials,Sweden,859424148.48,1291810012.16,0.992,258362002.43200004,155017201.4592,214856037.12,85942414.848,0.0,0.08,0.12,0.15,0.1,50,1291810012.16
BEST IN PARKING AG,301195.SZ,Technology,China,669329991.6800001,143720344.32000002,0.426,28744068.864000008,17246441.318400003,167332497.92000002,66932999.16800001,0.0,0.08,0.12,0.15,0.1,50,143720344.32000002
RITCHIE BROS AUCTIONEERS INC.,RBA,Industrials,United States,19023929344.0,4528900096.0,0.547,905780019.2,543468011.52,4755982336.0,1902392934.4,0.0,0.08,0.12,0.15,0.1,50,4528900096.0
NETEASE INC.,NTES,Communication Services,China,76976390144.0,112625803264.0,0.915,22525160652.800003,13515096391.68,19244097536.0,7697639014.400001,0.0,0.08,0.12,0.15,0.1,50,112625803264.0
WPP GROUP PLC,WPP,Communication Services,United Kingdom,3830685696.0,18004790568.96,0.572,2835400089.6000004,1701240053.76,957671424.0,383068569.6,0.0,0.08,0.12,0.15,0.1,50,14177000448.0
PUBLICIS GROUPE SA,PU4.F,Communication Services,France,19193352192.0,18790918963.2,0.602,3758183792.64,2254910275.584,4798338048.0,1919335219.2,0.0,0.08,0.12,0.15,0.1,50,18790918963.2
VALMET OYJ,VALMT.HE,Industrials,Finland,5521446051.84,5612760207.360001,1.181,1122552041.472,673531224.8832,1380361512.96,552144605.184,0.0,0.08,0.12,0.15,0.1,50,5612760207.360001
DOOK SA,301025.SZ,Communication Services,China,748178278.4000001,51777071.36000001,1.081,10355414.272000002,6213248.563200001,187044569.6,74817827.84000002,0.0,0.08,0.12,0.15,0.1,50,51777071.36000001
CTOS DIGITAL BHD,5301.KL,Financial Services,Malaysia,1899692288.0,326060992.0,0.307,65212198.400000006,39127319.04,474923072.0,189969228.8,0.0,0.08,0.12,0.15,0.1,50,326060992.0
MITSUBISHI CORPORATION,8058.T,Industrials,Japan,120758074972.5696,122981014568.96,0.504,24596202913.792004,14757721748.2752,30189518743.142403,12075807497.256962,0.0,0.08,0.12,0.15,0.1,50,122981014568.96
ORACLE CORPORATION,ORCL,Technology,United States,445972709376.0,61015998464.0,1.633,12203199692.8,7321919815.679999,111493177344.0,44597270937.600006,0.0,0.08,0.12,0.15,0.1,50,61015998464.0
AUTO DATA NETWORK INC.,ADP,Technology,United States,85534842880.0,21214300160.0,0.847,4242860032.0,2545716019.2,21383710720.0,8553484288.0,0.0,0.08,0.12,0.15,0.1,50,21214300160.0
"DESCARTES SYSTEMS GROUP INC., THE",DSGX,Technology,Canada,5719843328.0,703705984.0,0.406,140741196.8,84444718.08,1429960832.0,571984332.8000001,0.0,0.08,0.12,0.15,0.1,50,703705984.0
CCL INDUSTRIES INC.,1C9A.F,Consumer Cyclical,Canada,10385815265.28,8208107827.200001,0.505,1641621565.4400003,984972939.264,2596453816.32,1038581526.528,0.0,0.08,0.12,0.15,0.1,50,8208107827.200001
GIGACLOUD TECHNOLOGY INC.,GCT,Technology,United States,1313792384.0,1222931968.0,2.272,244586393.6,146751836.16,328448096.0,131379238.4,0.0,0.08,0.12,0.15,0.1,50,1222931968.0
PHOTON ENERGY NV,PEN.PR,Technology,Netherlands,630567168.0,100874000.0,0.133,20174800.0,12104880.0,157641792.0,63056716.8,0.0,0.08,0.12,0.15,0.1,50,100874000.0
LINKLOGIS INC.,9959.HK,Technology,China,564931395.584,127048704.0,1.474,25409740.8,15245844.48,141232848.896,56493139.558400005,0.0,0.08,0.12,0.15,0.1,50,127048704.0
OKTA INC.,OKTA,Technology,United States,14497432576.0,2840000000.0,0.767,568000000.0,340800000.0,3624358144.0,1449743257.6,0.0,0.08,0.12,0.15,0.1,50,2840000000.0
PROXIMUS SA,PROX.BR,Communication Services,Belgium,2946006097.92,6876360069.120001,0.562,1375272013.8240004,825163208.2944001,736501524.48,294600609.792,0.0,0.08,0.12,0.15,0.1,50,6876360069.120001
MEITU INC.,3690.HK,Consumer Cyclical,China,64136771796.992,46383746777.088,0.311,9276749355.4176,5566049613.25056,16034192949.248,6413677179.699201,0.0,0.08,0.12,0.15,0.1,50,46383746777.088
SS&C TECHNOLOGIES INC.,SSNC,Technology,United States,17563127808.0,6272200192.0,1.165,1254440038.4,752664023.04,4390781952.0,1756312780.8000002,0.0,0.08,0.12,0.15,0.1,50,6272200192.0
TELEFONICA SA,VIV,Communication Services,Brazil,25117466624.0,58565840896.0,0.357,11713168179.2,7027900907.52,6279366656.0,2511746662.4,0.0,0.08,0.12,0.15,0.1,50,58565840896.0
FLYWIRE CORPORATION,FLYW,Technology,United States,1339298176.0,583030976.0,1.281,116606195.2,69963717.12,334824544.0,133929817.6,0.0,0.08,0.12,0.15,0.1,50,583030976.0
WIZ INC.,WI2.F,Industrials,Hungary,1766194053.12,17125517.574144002,1.906,1223251255.2960002,733950753.1776,441548513.28,176619405.31200004,0.0,0.08,0.12,0.15,0.1,50,6116256276.4800005
HYATT HOTELS CORPORATION,H,Consumer Cyclical,United States,15940963328.0,3472000000.0,1.231,694400000.0,416640000.0,3985240832.0,1594096332.8000002,0.0,0.08,0.12,0.15,0.1,50,3472000000.0
KINGSOFT CLOUD CORPORATION LTD,KC,Technology,China,4221330944.0,9029373952.0,2.047,1805874790.4,1083524874.24,1055332736.0,422133094.4,0.0,0.08,0.12,0.15,0.1,50,9029373952.0
DELL INC.,DELL,Technology,United States,78197620736.0,104090001408.0,1.099,20818000281.6,12490800168.96,19549405184.0,7819762073.6,0.0,0.08,0.12,0.15,0.1,50,104090001408.0
DOUBLEVERIFY INC.,DV,Communication Services,United States,1523363968.0,733324032.0,0.978,146664806.4,87998883.84,380840992.0,152336396.8,0.0,0.08,0.12,0.15,0.1,50,733324032.0
BNP PARIBAS INVESTMENT PARTNERS SA,BNP.PA,Financial Services,France,111410009210.88,51771959377.920006,0.992,10354391875.584002,6212635125.350401,27852502302.72,11141000921.088,0.0,0.08,0.12,0.15,0.1,50,51771959377.920006
CNH INDUSTRIAL NV,CNH,Industrials,United Kingdom,16498192384.0,17813999616.0,1.351,3562799923.2000003,2137679953.92,4124548096.0,1649819238.4,0.0,0.08,0.12,0.15,0.1,50,17813999616.0
MFE - MEDIAFOREUROPE NV,T0J2.F,Communication Services,Italy,2392487884.8,3107375861.76,1.064,621475172.3520001,372885103.4112,598121971.2,239248788.48,0.0,0.08,0.12,0.15,0.1,50,3107375861.76
LA FRANCAISE DES JEUX SA,FDJ.VI,Consumer Cyclical,France,4573461381.12,3783780034.56,0.734,756756006.9120002,454053604.1472001,1143365345.28,457346138.112,0.0,0.08,0.12,0.15,0.1,50,3783780034.56
TENABLE HOLDINGS INC.,TENB,Technology,United States,2678014976.0,999404992.0,0.653,199880998.4,119928599.04,669503744.0,267801497.6,0.0,0.08,0.12,0.15,0.1,50,999404992.0
DELIVERY HERO AG,DHER.DE,Consumer Cyclical,Germany,6634963169.280001,14474052034.56,1.658,2894810406.9120007,1736886244.1472,1658740792.3200002,663496316.9280001,0.0,0.08,0.12,0.15,0.1,50,14474052034.56
PLAYTIKA HOLDING CORPORATION,PLTK,Communication Services,Israel,1261667328.0,2726899968.0,0.832,545379993.6,327227996.16,315416832.0,126166732.8,0.0,0.08,0.12,0.15,0.1,50,2726899968.0
CAPITAL ONE FINANCIAL CORPORATION,COF,Financial Services,United States,132153131008.0,32778999808.0,1.124,6555799961.6,3933479976.96,33038282752.0,13215313100.8,0.0,0.08,0.12,0.15,0.1,50,32778999808.0
COGNIZANT TECHNOLOGY SOLUTIONS CORPORATION,CTSH,Technology,United States,31516815360.0,21108000768.0,0.957,4221600153.6,2532960092.16,7879203840.0,3151681536.0,0.0,0.08,0.12,0.15,0.1,50,21108000768.0
KEYSIGHT TECHNOLOGIES INC.,KEYS,Technology,United States,40213798912.0,5375000064.0,1.201,1075000012.8,645000007.68,10053449728.0,4021379891.2,0.0,0.08,0.12,0.15,0.1,50,5375000064.0
SHIFT4 PAYMENTS INC.,FOUR,Technology,United States,4943402496.0,3878400000.0,1.608,775680000.0,465408000.0,1235850624.0,494340249.6,0.0,0.08,0.12,0.15,0.1,50,3878400000.0
PALO ALTO NETWORKS INC.,PANW,Technology,United States,132055539712.0,9556500480.0,0.75,1911300096.0,1146780057.6,33013884928.0,13205553971.2,0.0,0.08,0.12,0.15,0.1,50,9556500480.0
CONSTELLATION SOFTWARE INC.'S PERSEUS DIVISION,CSU.TO,Technology,Canada,36085707243.52,8250259763.2,0.722,1650051952.64,990031171.584,9021426810.88,3608570724.352,0.0,0.08,0.12,0.15,0.1,50,8250259763.2
BIONTECH SE,BNTX,Healthcare,Germany,26633990144.0,3152499968.0,1.514,630499993.6,378299996.16,6658497536.0,2663399014.4,0.0,0.08,0.12,0.15,0.1,50,3152499968.0
LIBERTY GLOBAL INC.,LBTYA,Communication Services,Bermuda,3803480832.0,4770599936.0,0.839,954119987.2,572471992.3199999,950870208.0,380348083.2000001,0.0,0.08,0.12,0.15,0.1,50,4770599936.0
HUT 8 CORPORATION,HUT,Financial Services,United States,5739986432.0,178318000.0,6.169,35663600.0,21398160.0,1434996608.0,573998643.2,0.0,0.08,0.12,0.15,0.1,50,178318000.0
DEUTSCHE TELEKOM AG,DTE.DE,Communication Services,Germany,179373535395.84003,130696201175.04,0.283,26139240235.008003,15683544141.0048,44843383848.96001,17937353539.584003,0.0,0.08,0.12,0.15,0.1,50,130696201175.04
NAVER CORPORATION,035420.KS,Communication Services,South Korea,28308686241.792,9026249687.04,1.235,1805249937.408,1083149962.4448,7077171560.448,2830868624.1792,0.0,0.08,0.12,0.15,0.1,50,9026249687.04
TELUS CORPORATION,TU,Communication Services,Canada,21143744512.0,20345999360.0,0.816,4069199872.0,2441519923.2,5285936128.0,2114374451.2,0.0,0.08,0.12,0.15,0.1,50,20345999360.0
EDENRED SE,EDNMY,Financial Services,France,5040438784.0,2676999936.0,0.372,535399987.2000001,321239992.32,1260109696.0,504043878.4,0.0,0.08,0.12,0.15,0.1,50,2676999936.0
TRM CORPORATION,TRMB,Technology,United States,15691681792.0,3587300096.0,1.576,717460019.2,430476011.52,3922920448.0,1569168179.2,0.0,0.08,0.12,0.15,0.1,50,3587300096.0
EUTELSAT SA,ETL.PA,Technology,France,2722441328.6400003,1327428034.5600002,-0.237,265485606.9120001,159291364.14720002,680610332.1600001,272244132.864,0.0,0.08,0.12,0.15,0.1,50,1327428034.5600002
CONCENTRIX CORPORATION,CNXC,Technology,United States,1947257088.0,9825770496.0,0.478,1965154099.2,1179092459.52,486814272.0,194725708.8,0.0,0.08,0.12,0.15,0.1,50,9825770496.0
SCHIBSTED ASA,SBBTF,Communication Services,Norway,5715765760.0,6317000192.0,0.926,1263400038.4,758040023.04,1428941440.0,571576576.0,0.0,0.08,0.12,0.15,0.1,50,6317000192.0
LRN CORPORATION,LRN,Consumer Defensive,United States,3682809088.0,2519166976.0,0.118,503833395.2000001,302300037.12,920702272.0,368280908.8,0.0,0.08,0.12,0.15,0.1,50,2519166976.0
EPIROC AB,3AD1.F,Industrials,Sweden,31599560540.160004,0.0,1.115,0.0,0.0,7899890135.040001,3159956054.0160007,0.0,0.08,0.12,0.15,0.1,50,0.0
BENTLEY SYSTEMS INC.,BSY,Technology,United States,10220217344.0,1460018944.0,1.195,292003788.8,175202273.28,2555054336.0,1022021734.4,0.0,0.08,0.12,0.15,0.1,50,1460018944.0
KRAFTON INC.,259960.KS,Communication Services,South Korea,8604026142.72,2268317810.688,1.046,453663562.13760006,272198137.28256,2151006535.68,860402614.272,0.0,0.08,0.12,0.15,0.1,50,2268317810.688
ASSYSTEM SA,BZ1.F,Industrials,France,671536880.64,687312000.0,0.774,137462400.0,82477440.0,167884220.16,67153688.064,0.0,0.08,0.12,0.15,0.1,50,687312000.0
ASICS CORPORATION,7936.T,Consumer Cyclical,Japan,21939843419.3408,5433137115.9552,0.925,1086627423.19104,651976453.914624,5484960854.8352,2193984341.93408,0.0,0.08,0.12,0.15,0.1,50,5433137115.9552
IRON MOUNTAIN INC.,IRM,Real Estate,United States,32180953088.0,6901736960.0,1.179,1380347392.0,828208435.1999999,8045238272.0,3218095308.8,0.0,0.08,0.12,0.15,0.1,50,6901736960.0
INTERDIGITAL INC.,IDCC,Technology,United States,9524325376.0,834014976.0,1.584,166802995.20000002,100081797.12,2381081344.0,952432537.6,0.0,0.08,0.12,0.15,0.1,50,834014976.0
RELX PLC,RELX,Industrials,United Kingdom,54763933696.0,9589999616.0,0.215,1917999923.2,1150799953.92,13690983424.0,5476393369.6,0.0,0.08,0.12,0.15,0.1,50,9589999616.0
SONY CORPORATION,SONY,Technology,Japan,135636205568.0,86923897995.26399,0.699,17384779599.0528,10430867759.43168,33909051392.0,13563620556.8,0.0,0.08,0.12,0.15,0.1,50,13170287575040.0
SHOPIFY INC.,SHOP,Technology,Canada,147650641920.0,11555999744.0,2.822,2311199948.8,1386719969.28,36912660480.0,14765064192.0,0.0,0.08,0.12,0.15,0.1,50,11555999744.0
SYNAPTICS INC.,SYNA,Technology,United States,3314156032.0,1144400000.0,1.68,228880000.0,137328000.0,828539008.0,331415603.20000005,0.0,0.08,0.12,0.15,0.1,50,1144400000.0
UNIC AG,UCG.MI,Financial Services,Italy,118246620856.32,27169559101.44,1.042,5433911820.288001,3260347092.1728,29561655214.08,11824662085.632002,0.0,0.08,0.12,0.15,0.1,50,27169559101.44
STAGWELL INC.,6IY.F,Communication Services,United States,1124628364.8000002,3121485189.1200004,1.516,624297037.8240001,374578222.6944,281157091.20000005,112462836.48000002,0.0,0.08,0.12,0.15,0.1,50,3121485189.1200004
APPIER GROUP INC.,4180.T,Technology,Japan,541661971.2512,293037913.2928,1.12,58607582.65856001,35164549.595136,135415492.8128,54166197.12512,0.0,0.08,0.12,0.15,0.1,50,293037913.2928
ENPHASE ENERGY INC.,ENPH,Technology,United States,5939722240.0,1472984960.0,1.372,294596992.0,176758195.2,1484930560.0,593972224.0,0.0,0.08,0.12,0.15,0.1,50,1472984960.0
SPOTIFY TECHNOLOGY SA,SPOT,Communication Services,Sweden,96533413888.0,17186000896.0,1.666,3437200179.2000003,2062320107.52,24133353472.0,9653341388.8,0.0,0.08,0.12,0.15,0.1,50,17186000896.0
JOHNSON CONTROLS INTERNATIONAL PLC,JCI,Industrials,Ireland,86548176896.0,23967000576.0,1.428,4793400115.2,2876040069.12,21637044224.0,8654817689.6,0.0,0.08,0.12,0.15,0.1,50,23967000576.0
HEICO CORPORATION,HEI,Industrials,United States,47743578112.0,4485044224.0,1.004,897008844.8000001,538205306.88,11935894528.0,4774357811.2,0.0,0.08,0.12,0.15,0.1,50,4485044224.0
Q2 HOLDINGS INC.,QTWO,Technology,United States,3266244864.0,794809024.0,1.369,158961804.8,95377082.88,816561216.0,326624486.40000004,0.0,0.08,0.12,0.15,0.1,50,794809024.0
YOKOGAWA ELECTRIC CORPORATION,YKE.F,Industrials,Japan,7699982929.92,4190066266.079232,0.42,838013253.2158464,502807951.92950785,1924995732.48,769998292.9920001,0.0,0.08,0.12,0.15,0.1,50,634858525163.52
AVEPOINT INC.,AVPT,Technology,United States,2252840448.0,393992992.0,1.109,78798598.4,47279159.04,563210112.0,225284044.8,0.0,0.08,0.12,0.15,0.1,50,393992992.0
UL SOLUTIONS INC.,ULS,Industrials,United States,14177392640.0,3003000064.0,,600600012.8000001,360360007.68,3544348160.0,1417739264.0,0.0,0.08,0.12,0.15,0.1,50,3003000064.0
HTEC GROUP INC.,HTECH.BK,Industrials,Thailand,1044001216.0,1257004928.0,0.04,251400985.6,150840591.35999998,261000304.0,104400121.6,0.0,0.08,0.12,0.15,0.1,50,1257004928.0
ZOETIS INC.,ZTS,Healthcare,United States,55888711680.0,9466999808.0,0.961,1893399961.6,1136039976.96,13972177920.0,5588871168.0,0.0,0.08,0.12,0.15,0.1,50,9466999808.0
HEXAGON AB,HEXA-B.ST,Technology,Sweden,24486625853.44,515337006.08,0.839,103067401.216,61840440.7296,6121656463.36,2448662585.344,0.0,0.08,0.12,0.15,0.1,50,515337006.08
TGS ASA,TGS,Energy,Argentina,4931898880.0,1459292296.5333333,-0.174,291858459.3066667,175115075.58400002,1232974720.0,493189888.0,0.0,0.08,0.12,0.15,0.1,50,1313363066880.0
SPIN MASTER CORPORATION,TOY.TO,Consumer Cyclical,Canada,1495475258.88,1586412047.36,0.648,317282409.472,190369445.6832,373868814.72,149547525.88799998,0.0,0.08,0.12,0.15,0.1,50,1586412047.36
PAR TECHNOLOGY CORPORATION,PAR,Technology,United States,846120064.0,440451008.0,1.292,88090201.60000001,52854120.96,211530016.0,84612006.4,0.0,0.08,0.12,0.15,0.1,50,440451008.0
GRAB HOLDINGS INC.,GRAB,Technology,Singapore,17132909568.0,3369999872.0,0.929,673999974.4000001,404399984.64,4283227392.0,1713290956.8000002,0.0,0.08,0.12,0.15,0.1,50,3369999872.0
DATADOG INC.,DDOG,Technology,United States,43011522560.0,3427158016.0,1.286,685431603.2,411258961.92,10752880640.0,4301152256.0,0.0,0.08,0.12,0.15,0.1,50,3427158016.0
UIPATH INC.,PATH,Technology,United States,5802034176.0,1553111040.0,1.072,310622208.0,186373324.8,1450508544.0,580203417.6,0.0,0.08,0.12,0.15,0.1,50,1553111040.0
RESMED INC.,RMD,Healthcare,United States,37543989248.0,5398118912.0,0.877,1079623782.4,647774269.4399999,9385997312.0,3754398924.8,0.0,0.08,0.12,0.15,0.1,50,5398118912.0
EQUASENS SA,PHF.F,Healthcare,France,565751796.48,242711631.36,0.864,48542326.27200001,29125395.7632,141437949.12,56575179.648,0.0,0.08,0.12,0.15,0.1,50,242711631.36
JONES LANG LASALLE INC.,JLL,Real Estate,United States,13609312256.0,25317799936.0,1.407,5063559987.2,3038135992.32,3402328064.0,1360931225.6,0.0,0.08,0.12,0.15,0.1,50,25317799936.0
SAP AG,SAP,Technology,Germany,234613178368.0,36800000000.0,0.706,7360000000.0,4416000000.0,58653294592.0,23461317836.800003,0.0,0.08,0.12,0.15,0.1,50,36800000000.0
"EXCHANGE HOLDINGS PLC, THE",ICE,Financial Services,United States,87947190272.0,9930999808.0,1.033,1986199961.6,1191719976.96,21986797568.0,8794719027.2,0.0,0.08,0.12,0.15,0.1,50,9930999808.0
RENESAS ELECTRONICS CORPORATION,6723.T,Technology,Japan,36176730993.4592,8852120744.7552,0.734,1770424148.95104,1062254489.370624,9044182748.3648,3617673099.34592,0.0,0.08,0.12,0.15,0.1,50,8852120744.7552
VOYAGEURS DU MONDE SA,8Z4.F,Consumer Cyclical,France,715465267.2,824725808.6400001,0.518,164945161.72800004,98967097.0368,178866316.8,71546526.72000001,0.0,0.08,0.12,0.15,0.1,50,824725808.6400001
EXP WORLD HOLDINGS INC.,EXPI,Real Estate,United States,1194452096.0,4678652928.0,2.1,935730585.6,561438351.36,298613024.0,119445209.6,0.0,0.08,0.12,0.15,0.1,50,4678652928.0
WILLIS TOWERS WATSON PLC,WTW,Financial Services,United Kingdom,28142434304.0,9708000256.0,0.619,1941600051.2,1164960030.72,7035608576.0,2814243430.4,0.0,0.08,0.12,0.15,0.1,50,9708000256.0
N-ABLE INC.,NABL,Technology,United States,974770688.0,497664992.0,0.603,99532998.4,59719799.04,243692672.0,97477068.8,0.0,0.08,0.12,0.15,0.1,50,497664992.0
LIVE NATION ENTERTAINMENT INC.,LYV,Communication Services,United States,36617052160.0,24569493504.0,1.138,4913898700.8,2948339220.48,9154263040.0,3661705216.0,0.0,0.08,0.12,0.15,0.1,50,24569493504.0
ENGHOUSE AG,ENGH.TO,Technology,Canada,695296896.0,369169731.84,0.358,73833946.368,44300367.82079999,173824224.0,69529689.60000001,0.0,0.08,0.12,0.15,0.1,50,369169731.84
SOCIETE D'EDITION DE CANAL PLUS SA,UVA.F,Real Estate,France,548183427.84,113393520.0,0.412,22678704.000000004,13607222.4,137045856.96,54818342.78400001,0.0,0.08,0.12,0.15,0.1,50,113393520.0
NEC CORPORATION,6701.T,Technology,Japan,35764034443.6736,23610390478.848,0.211,4722078095.7696,2833246857.46176,8941008610.9184,3576403444.36736,0.0,0.08,0.12,0.15,0.1,50,23610390478.848
REDDIT INC.,RDDT,Communication Services,United States,26970429440.0,2202505984.0,,440501196.8,264300718.08,6742607360.0,2697042944.0,0.0,0.08,0.12,0.15,0.1,50,2202505984.0
TOYOTA INDUSTRIES CORPORATION,TAH.F,Industrials,Japan,36117230469.12,30145345807.712257,0.58,6029069161.542451,3617441496.925471,9029307617.28,3611723046.9120007,0.0,0.08,0.12,0.15,0.1,50,4567476637532.16
ASSECO SOUTH EASTERN EUROPE SA,7T8.F,Technology,Poland,870472396.8000001,0.0,0.432,0.0,0.0,217618099.2,87047239.68,0.0,0.08,0.12,0.15,0.1,50,0.0
SCHNEIDER ELECTRIC SA,SU.PA,Industrials,France,154441515663.36002,42461280829.44,0.998,8492256165.888,5095353699.5328,38610378915.84,15444151566.336002,0.0,0.08,0.12,0.15,0.1,50,42461280829.44
BASF SE,BAS.DE,Basic Materials,Germany,48793827409.920006,69448321105.92,0.9,13889664221.184,8333798532.7104,12198456852.48,4879382740.992001,0.0,0.08,0.12,0.15,0.1,50,69448321105.92
TRINITY INDUSTRIES INC.,TRN,Industrials,United States,2811927552.0,2156900096.0,1.45,431380019.2000001,258828011.52,702981888.0,281192755.2,0.0,0.08,0.12,0.15,0.1,50,2156900096.0
PEGASYSTEMS INC.,PEGA,Technology,United States,7651951616.0,1745811968.0,1.069,349162393.6,209497436.16,1912987904.0,765195161.6,0.0,0.08,0.12,0.15,0.1,50,1745811968.0
SAVILLS PLC,1YZ.F,Real Estate,United Kingdom,1689699640.3200002,2666088069.1200004,1.29,533217613.8240001,319930568.29440004,422424910.08,168969964.03200004,0.0,0.08,0.12,0.15,0.1,50,2666088069.1200004
JOBY AVIATION INC.,JOBY,Industrials,United States,9545178112.0,22644000.0,2.585,4528800.0,2717280.0,2386294528.0,954517811.2,0.0,0.08,0.12,0.15,0.1,50,22644000.0
SDIPTECH AB,938.F,Industrials,Sweden,707342837.76,0.0,1.441,0.0,0.0,176835709.44,70734283.77600001,0.0,0.08,0.12,0.15,0.1,50,0.0
WARNER MUSIC GROUP CORPORATION,WMG,Communication Services,United States,15255119872.0,6880999936.0,1.237,1376199987.2,825719992.3199999,3813779968.0,1525511987.2,0.0,0.08,0.12,0.15,0.1,50,6880999936.0
LIGHT & WONDER INC.,LNWO,Consumer Cyclical,United States,8203260928.0,3220999936.0,0.379,644199987.2,386519992.32,2050815232.0,820326092.8000001,0.0,0.08,0.12,0.15,0.1,50,3220999936.0
INTEL CORPORATION,INTC,Technology,United States,231326728192.0,52852998144.0,1.377,10570599628.8,6342359777.28,57831682048.0,23132672819.2,0.0,0.08,0.12,0.15,0.1,50,52852998144.0
AGCO CORPORATION,AGCO,Industrials,United States,10357751808.0,10081999872.0,1.169,2016399974.4,1209839984.64,2589437952.0,1035775180.8,0.0,0.08,0.12,0.15,0.1,50,10081999872.0
MOTOROLA INC.,MSI,Technology,United States,77391446016.0,11681999872.0,1.002,2336399974.4,1401839984.64,19347861504.0,7739144601.6,0.0,0.08,0.12,0.15,0.1,50,11681999872.0
SPORTRADAR AG,SRAD,Technology,Switzerland,5003062784.0,1228145024.0,2.008,245629004.8,147377402.88,1250765696.0,500306278.4,0.0,0.08,0.12,0.15,0.1,50,1228145024.0
COSTAR GROUP INC.,CSGP,Real Estate,United States,18868674560.0,3056499968.0,0.85,611299993.6,366779996.16,4717168640.0,1886867456.0,0.0,0.08,0.12,0.15,0.1,50,3056499968.0
BRUKER CORPORATION,BRKR,Healthcare,United States,5720584704.0,3436499968.0,1.18,687299993.6,412379996.16,1430146176.0,572058470.4,0.0,0.08,0.12,0.15,0.1,50,3436499968.0
ELISA OYJ,ELMUY,Communication Services,Finland,8160600576.0,2257100032.0,0.394,451420006.4,270852003.84,2040150144.0,816060057.6,0.0,0.08,0.12,0.15,0.1,50,2257100032.0
"EXPRO INTERNATIONAL GROUP PLC, THE",XPRO,Energy,United States,1867986176.0,1661810944.0,1.184,332362188.8,199417313.28,466996544.0,186798617.6,0.0,0.08,0.12,0.15,0.1,50,1661810944.0
EQUIFAX INC.,EFX,Industrials,United States,23717517312.0,6074500096.0,1.559,1214900019.2,728940011.52,5929379328.0,2371751731.2000003,0.0,0.08,0.12,0.15,0.1,50,6074500096.0
EMBRACER GROUP AB,EMBRAC-B.ST,Communication Services,Sweden,1678933729.28,1901804933.12,0.712,380360986.6240001,228216591.9744,419733432.32,167893372.928,0.0,0.08,0.12,0.15,0.1,50,1901804933.12
"INTERNET CORPORATION LTD, THE",CRCL,Financial Services,United States,15650457600.0,2411777024.0,,482355404.8,289413242.88,3912614400.0,1565045760.0,0.0,0.08,0.12,0.15,0.1,50,2411777024.0
ADK HOLDINGS INC.,ADKO.VI,Financial Services,Austria,531167950.08,298296000.0,0.174,59659200.0,35795520.0,132791987.52,53116795.00800001,0.0,0.08,0.12,0.15,0.1,50,298296000.0
ADDNODE AB,AR7.F,Technology,Sweden,936958993.92,0.0,1.093,0.0,0.0,234239748.48,93695899.39200002,0.0,0.08,0.12,0.15,0.1,50,0.0
DORMAKABA HOLDING AG,KAB0.F,Industrials,Switzerland,3147396341.76,3099707965.44,0.746,619941593.088,371964955.8528,786849085.44,314739634.17600006,0.0,0.08,0.12,0.15,0.1,50,3099707965.44
SENSATA TECHNOLOGIES HOLDING PLC,ST,Technology,United States,5375545344.0,3694307072.0,1.152,738861414.4000001,443316848.64,1343886336.0,537554534.4,0.0,0.08,0.12,0.15,0.1,50,3694307072.0
ALPHA NETWORKS SA,3380.TW,Technology,Taiwan,506317212.672,672165931.008,0.552,134433186.20160002,80659911.72096,126579303.168,50631721.2672,0.0,0.08,0.12,0.15,0.1,50,672165931.008
SOFTWAREONE AG,SWON.SW,Technology,Switzerland,1650585825.2800002,1089531555.8400002,1.48,217906311.16800004,130743786.70080002,412646456.32000005,165058582.52800003,0.0,0.08,0.12,0.15,0.1,50,1089531555.8400002
VONTIER CORPORATION,VNT,Technology,United States,6033983488.0,3075599872.0,1.285,615119974.4,369071984.64,1508495872.0,603398348.8000001,0.0,0.08,0.12,0.15,0.1,50,3075599872.0
AUTODESK INC.,ADSK,Technology,United States,47982510080.0,6888000000.0,1.453,1377600000.0,826560000.0,11995627520.0,4798251008.0,0.0,0.08,0.12,0.15,0.1,50,6888000000.0
DIGITALBRIDGE GROUP INC.,DBRG,Financial Services,United States,3011597056.0,100346000.0,1.684,20069200.0,12041520.0,752899264.0,301159705.6,0.0,0.08,0.12,0.15,0.1,50,100346000.0
CARRIER GLOBAL CORPORATION,CARR,Industrials,United States,55817654272.0,21746999296.0,1.335,4349399859.2,2609639915.52,13954413568.0,5581765427.200001,0.0,0.08,0.12,0.15,0.1,50,21746999296.0
TOPPAN INC.,TPX.F,Industrials,Japan,7929419857.92,12707748350.263296,,2541549670.052659,1524929802.0315955,1982354964.48,792941985.792,0.0,0.08,0.12,0.15,0.1,50,1925416416706.56
INGRAM MICRO INC.,INGRM.IS,Technology,Turkey,10337999872.0,25749831680.0,0.696,5149966336.0,3089979801.6,2584499968.0,1033799987.2,0.0,0.08,0.12,0.15,0.1,50,25749831680.0
VC3 INC.,VC3.F,Industrials,United States,579406867.2,1082711854.0800002,1.305,216542370.81600004,129925422.48960002,144851716.8,57940686.720000006,0.0,0.08,0.12,0.15,0.1,50,1082711854.0800002
EPAM SYSTEMS INC.,EPAM,Technology,United States,9019557888.0,5297859072.0,1.718,1059571814.4,635743088.64,2254889472.0,901955788.8,0.0,0.08,0.12,0.15,0.1,50,5297859072.0
RADNET INC.,RDNT,Healthcare,United States,5504279552.0,1969598976.0,1.49,393919795.2000001,236351877.12,1376069888.0,550427955.2,0.0,0.08,0.12,0.15,0.1,50,1969598976.0
UBER TECHNOLOGIES INC.,UBER,Technology,United States,146135711744.0,52017000448.0,1.206,10403400089.6,6242040053.76,36533927936.0,14613571174.400002,0.0,0.08,0.12,0.15,0.1,50,52017000448.0
IDT CORPORATION,IDT,Communication Services,United States,1223830144.0,1244680960.0,0.766,248936192.0,149361715.2,305957536.0,122383014.4,0.0,0.08,0.12,0.15,0.1,50,1244680960.0
APTIV PLC,APTV,Consumer Cyclical,Switzerland,17988610048.0,20398000128.0,1.5,4079600025.6,2447760015.36,4497152512.0,1798861004.8000002,0.0,0.08,0.12,0.15,0.1,50,20398000128.0
BELDEN INC.,BDC,Technology,United States,5906129920.0,2715194112.0,1.214,543038822.4,325823293.44,1476532480.0,590612992.0,0.0,0.08,0.12,0.15,0.1,50,2715194112.0
OMNICELL INC.,OMCL,Healthcare,United States,1697270656.0,1184845056.0,0.769,236969011.2,142181406.72,424317664.0,169727065.60000002,0.0,0.08,0.12,0.15,0.1,50,1184845056.0
TCS GROUP HOLDING PLC,TCS.F,Industrials,United States,32126657495.04,2762593689.6000004,1.483,552518737.9200001,331511242.75200003,8031664373.76,3212665749.504,0.0,0.08,0.12,0.15,0.1,50,2762593689.6000004
ARAS CORPORATION,TRENJ.IS,Basic Materials,Turkey,28160755712.0,12720701440.0,0.652,2544140288.0,1526484172.8,7040188928.0,2816075571.2000003,0.0,0.08,0.12,0.15,0.1,50,12720701440.0
DESTINY SA/NV,DXYZ,Financial Services,United States,638631360.0,0.0,,0.0,0.0,159657840.0,63863136.0,0.0,0.08,0.12,0.15,0.1,50,0.0
"JASNITA TELEKOMINDO TBK, PT",JAST.JK,Communication Services,Indonesia,111505301504.0,197490835456.0,0.067,39498167091.200005,23698900254.72,27876325376.0,11150530150.400002,0.0,0.08,0.12,0.15,0.1,50,197490835456.0
LECTRA SA,LSS.PA,Technology,France,809017873.9200001,547272737.2800001,0.906,109454547.45600004,65672728.47360001,202254468.48,80901787.39200002,0.0,0.08,0.12,0.15,0.1,50,547272737.2800001
"REAL BROKERAGE INC., THE",REAX,Real Estate,United States,557034048.0,1813906944.0,0.956,362781388.8,217668833.28,139258512.0,55703404.8,0.0,0.08,0.12,0.15,0.1,50,1813906944.0
BETSSON AB,BETS-B.ST,Consumer Cyclical,Sweden,1177582571.52,113714993.92,0.439,22742998.784,13645799.2704,294395642.88,117758257.152,0.0,0.08,0.12,0.15,0.1,50,113714993.92
AGILYSYS INC.,AGYS,Technology,United States,2262995200.0,310638016.0,0.327,62127603.2,37276561.92,565748800.0,226299520.0,0.0,0.08,0.12,0.15,0.1,50,310638016.0
VAISALA OYJ,VAIAS.HE,Technology,Finland,1769894461.44,644651965.44,0.738,128930393.088,77358235.8528,442473615.36,176989446.14400002,0.0,0.08,0.12,0.15,0.1,50,644651965.44
TOTECH CORPORATION,9960.T,Technology,Japan,1157490288.2304,1130497705.5744,0.406,226099541.11488,135659724.668928,289372572.0576,115749028.82304,0.0,0.08,0.12,0.15,0.1,50,1130497705.5744
MORNINGSTAR INC.,MORN,Financial Services,United States,6702885888.0,2445499904.0,1.085,489099980.8,293459988.48,1675721472.0,670288588.8000001,0.0,0.08,0.12,0.15,0.1,50,2445499904.0
KINAXIS INC.,9KX.F,Technology,Canada,2296305884.1600003,569948382.72,0.875,113989676.544,68393805.9264,574076471.0400001,229630588.41600004,0.0,0.08,0.12,0.15,0.1,50,569948382.72
MAGNA INTERNATIONAL INC.,MGA,Consumer Cyclical,Canada,18775351296.0,42010001408.0,1.72,8402000281.6,5041200168.96,4693837824.0,1877535129.6,0.0,0.08,0.12,0.15,0.1,50,42010001408.0
W.A.G PAYMENT SOLUTIONS PLC,WAB,Industrials,United States,44642050048.0,11166999552.0,1.015,2233399910.4,1340039946.24,11160512512.0,4464205004.8,0.0,0.08,0.12,0.15,0.1,50,11166999552.0
SOCIETE BIC SA,BIF.F,Consumer Defensive,France,2477654507.52,2304676730.88,-0.078,460935346.17600006,276561207.7056,619413626.88,247765450.752,0.0,0.08,0.12,0.15,0.1,50,2304676730.88
WSP GLOBAL INC.,1W3.F,Industrials,Canada,20522889216.0,19543464345.6,0.65,3908692869.120001,2345215721.472,5130722304.0,2052288921.6,0.0,0.08,0.12,0.15,0.1,50,19543464345.6
CLEARWATER ANALYTICS HOLDINGS INC.,CWAN,Technology,United States,6778868736.0,640376000.0,0.66,128075200.0,76845120.0,1694717184.0,677886873.6,0.0,0.08,0.12,0.15,0.1,50,640376000.0
VERCOM SA,14W.F,Technology,Poland,739247800.32,0.0,0.455,0.0,0.0,184811950.08,73924780.032,0.0,0.08,0.12,0.15,0.1,50,0.0
WORKIVA INC.,WK,Technology,United States,3270581504.0,845521984.0,0.61,169104396.8,101462638.08,817645376.0,327058150.40000004,0.0,0.08,0.12,0.15,0.1,50,845521984.0
AMERICAN TOWER CORPORATION,AMT,Real Estate,United States,90121969664.0,10454700032.0,0.944,2090940006.4,1254564003.84,22530492416.0,9012196966.4,0.0,0.08,0.12,0.15,0.1,50,10454700032.0
MITEK INC.,MITK,Technology,United States,617660992.0,186680992.0,1.078,37336198.4,22401719.04,154415248.0,61766099.2,0.0,0.08,0.12,0.15,0.1,50,186680992.0
SOFTWARE AG,U,Technology,United States,7988431360.0,1849648000.0,2.085,369929600.0,221957760.0,1997107840.0,798843136.0,0.0,0.08,0.12,0.15,0.1,50,1849648000.0
ALLFUNDS GROUP PLC,ALLFG.AS,Financial Services,United Kingdom,5383960289.280001,720383777.2800001,1.099,144076755.45600003,86446053.27360001,1345990072.3200002,538396028.9280001,0.0,0.08,0.12,0.15,0.1,50,720383777.2800001
KARNOV GROUP AB,3UA.F,Industrials,Sweden,759143301.12,0.0,0.73,0.0,0.0,189785825.28,75914330.112,0.0,0.08,0.12,0.15,0.1,50,0.0
LEIDOS HOLDINGS INC.,LDOS,Technology,United States,21425655808.0,17332000768.0,0.62,3466400153.6000004,2079840092.16,5356413952.0,2142565580.8,0.0,0.08,0.12,0.15,0.1,50,17332000768.0
AMETEK INC.,AME,Industrials,United States,53710651392.0,7401116160.0,1.036,1480223232.0,888133939.1999999,13427662848.0,5371065139.200001,0.0,0.08,0.12,0.15,0.1,50,7401116160.0
QUALCOMM INC.,QCOM,Technology,United States,151411408896.0,44866998272.0,1.238,8973399654.4,5384039792.639999,37852852224.0,15141140889.6,0.0,0.08,0.12,0.15,0.1,50,44866998272.0
EQUINIX INC.,EQIX,Real Estate,United States,93556375552.0,9260000256.0,1.067,1852000051.2,1111200030.72,23389093888.0,9355637555.2,0.0,0.08,0.12,0.15,0.1,50,9260000256.0
DIGITALOCEAN HOLDINGS INC.,DOCN,Technology,United States,6169315328.0,863961984.0,1.766,172792396.8,103675438.08,1542328832.0,616931532.8000001,0.0,0.08,0.12,0.15,0.1,50,863961984.0
NETWORK APPLIANCE INC.,NTAP,Technology,United States,20125526016.0,6637000192.0,1.387,1327400038.4,796440023.04,5031381504.0,2012552601.6,0.0,0.08,0.12,0.15,0.1,50,6637000192.0
CAE INC.,CAE,Industrials,Canada,9887466496.0,4862700032.0,1.158,972540006.4,583524003.84,2471866624.0,988746649.6,0.0,0.08,0.12,0.15,0.1,50,4862700032.0
SES SA,SES,Consumer Cyclical,United States,606019072.0,18478000.0,0.579,3695600.0,2217360.0,151504768.0,60601907.2,0.0,0.08,0.12,0.15,0.1,50,18478000.0
INFORMATION HOLDINGS INC.,FIS,Technology,United States,24917458944.0,10464000000.0,0.9,2092800000.0,1255680000.0,6229364736.0,2491745894.4,0.0,0.08,0.12,0.15,0.1,50,10464000000.0
FLUTTER ENTERTAINMENT PLC,FLUT,Consumer Cyclical,United States,21964382208.0,15438000128.0,1.142,3087600025.6000004,1852560015.36,5491095552.0,2196438220.8,0.0,0.08,0.12,0.15,0.1,50,15438000128.0
ZEBRA TECHNOLOGIES CORPORATION,ZBRA,Technology,United States,13345933312.0,5395999744.0,1.656,1079199948.8,647519969.28,3336483328.0,1334593331.2,0.0,0.08,0.12,0.15,0.1,50,5395999744.0
MEDTRONIC PLC,MDT,Healthcare,Ireland,124753649664.0,34758000640.0,0.718,6951600128.0,4170960076.8,31188412416.0,12475364966.400002,0.0,0.08,0.12,0.15,0.1,50,34758000640.0
PARTNERS GROUP AG,EPD,Energy,United States,79670280192.0,52595998720.0,0.584,10519199744.0,6311519846.4,19917570048.0,7967028019.200001,0.0,0.08,0.12,0.15,0.1,50,52595998720.0
SOFI TECHNOLOGIES INC.,SOFI,Financial Services,United States,24704507904.0,3583034880.0,2.178,716606976.0,429964185.6,6176126976.0,2470450790.4,0.0,0.08,0.12,0.15,0.1,50,3583034880.0
"NEWS CORPORATION LTD, THE",NMAX,Communication Services,United States,706336256.0,184690272.0,,36938054.4,22162832.64,176584064.0,70633625.60000001,0.0,0.08,0.12,0.15,0.1,50,184690272.0
TELSTRA CORPORATION LTD,TLS.AX,Communication Services,Australia,36769880801.28,15262500126.72,0.171,3052500025.3440003,1831500015.2064,9192470200.32,3676988080.128,0.0,0.08,0.12,0.15,0.1,50,15262500126.72
NETMARBLE CORPORATION,251270.KS,Communication Services,South Korea,3514992820.224,2014854119.424,1.143,402970823.8848,241782494.33088,878748205.056,351499282.0224,0.0,0.08,0.12,0.15,0.1,50,2014854119.424
TELEFONAKTIEBOLAGET LM ERICSSON AB,ERIC-B.ST,Technology,Sweden,31628819169.28,22484695285.76,0.562,4496939057.152,2698163434.2912,7907204792.32,3162881916.928,0.0,0.08,0.12,0.15,0.1,50,22484695285.76
DOORDASH INC.,DASH,Consumer Cyclical,United States,69821759488.0,12634999808.0,1.795,2526999961.6,1516199976.96,17455439872.0,6982175948.8,0.0,0.08,0.12,0.15,0.1,50,12634999808.0
CELLNEX TELECOM SA,4720.F,Real Estate,Spain,22223716761.6,4432541460.4800005,1.248,886508292.0960002,531904975.25760007,5555929190.400001,2222371676.1600003,0.0,0.08,0.12,0.15,0.1,50,4432541460.4800005
S&P GLOBAL INC.,SPGI,Financial Services,United States,125091217408.0,15335999488.0,1.201,3067199897.6000004,1840319938.56,31272804352.0,12509121740.8,0.0,0.08,0.12,0.15,0.1,50,15335999488.0
DONNELLEY FINANCIAL SOLUTIONS INC.,1DN.F,Technology,United States,1003101788.16,810864000.0,0.86,162172800.0,97303680.0,250775447.04,100310178.816,0.0,0.08,0.12,0.15,0.1,50,810864000.0
NET AG,NET,Technology,United States,67129487360.0,2167937024.0,1.98,433587404.8,260152442.88,16782371840.0,6712948736.0,0.0,0.08,0.12,0.15,0.1,50,2167937024.0
PINTEREST INC.,PINS,Communication Services,United States,10433990656.0,4221766912.0,0.891,844353382.4000001,506612029.44,2608497664.0,1043399065.6,0.0,0.08,0.12,0.15,0.1,50,4221766912.0
AES CORPORATION,AES,Utilities,United States,11625374720.0,12094000128.0,0.97,2418800025.6,1451280015.36,2906343680.0,1162537472.0,0.0,0.08,0.12,0.15,0.1,50,12094000128.0
FIRST ADVANTAGE CORPORATION,0MS.F,Industrials,United States,1485548881.92,1578415749.12,1.199,315683149.82400006,189409889.8944,371387220.48,148554888.192,0.0,0.08,0.12,0.15,0.1,50,1578415749.12
AG INTERACTIVE,TTWO,Communication Services,United States,35659239424.0,6559099904.0,0.931,1311819980.8000002,787091988.48,8914809856.0,3565923942.4,0.0,0.08,0.12,0.15,0.1,50,6559099904.0
XP INC.,XP,Financial Services,Cayman Islands,10088701952.0,17773197312.0,1.225,3554639462.4,2132783677.44,2522175488.0,1008870195.2,0.0,0.08,0.12,0.15,0.1,50,17773197312.0
PITNEY BOWES MANAGEMENT SERVICES INC.,PBI,Industrials,United States,1738442240.0,1931124992.0,1.418,386224998.4,231734999.04,434610560.0,173844224.0,0.0,0.08,0.12,0.15,0.1,50,1931124992.0
DELTA CORP,DAL,Industrials,United States,46045712384.0,63364001792.0,1.338,12672800358.400002,7603680215.04,11511428096.0,4604571238.400001,0.0,0.08,0.12,0.15,0.1,50,63364001792.0
X-CHEM INC.,002109.SZ,Basic Materials,China,741512755.2,508228080.6400001,0.449,101645616.12800002,60987369.676800005,185378188.8,74151275.52000001,0.0,0.08,0.12,0.15,0.1,50,508228080.6400001
SII SA,SII,Financial Services,Canada,3140508416.0,216267008.0,1.139,43253401.6,25952040.96,785127104.0,314050841.6,0.0,0.08,0.12,0.15,0.1,50,216267008.0
CD PROJEKT SA,OTGLF,Communication Services,Poland,6657160704.0,0.0,0.498,0.0,0.0,1664290176.0,665716070.4000001,0.0,0.08,0.12,0.15,0.1,50,0.0
CSG SYSTEMS INTERNATIONAL INC.,CSGS,Technology,United States,2273655040.0,1223288960.0,0.881,244657792.0,146794675.2,568413760.0,227365504.0,0.0,0.08,0.12,0.15,0.1,50,1223288960.0
HELIOS TECHNOLOGIES INC.,HLIO,Industrials,United States,2500628480.0,807699968.0,1.284,161539993.60000002,96923996.16,625157120.0,250062848.0,0.0,0.08,0.12,0.15,0.1,50,807699968.0
MAPLEBEAR INC.,CART,Consumer Cyclical,United States,9694528512.0,3742000128.0,1.005,748400025.6,449040015.36,2423632128.0,969452851.2,0.0,0.08,0.12,0.15,0.1,50,3742000128.0
GAP INC.,GAP,Consumer Cyclical,United States,10134866944.0,15278999552.0,2.274,3055799910.4,1833479946.24,2533716736.0,1013486694.4,0.0,0.08,0.12,0.15,0.1,50,15278999552.0
NETFLIX INC.,NFLX,Communication Services,United States,323868262400.0,45183037440.0,1.712,9036607488.0,5421964492.8,80967065600.0,32386826240.0,0.0,0.08,0.12,0.15,0.1,50,45183037440.0
DOXIM INC.,DOCS,Healthcare,United States,4584405504.0,637779008.0,1.385,127555801.6,76533480.96,1146101376.0,458440550.4,0.0,0.08,0.12,0.15,0.1,50,637779008.0
HINGE HEALTH INC.,HNGE,Healthcare,United States,3109416960.0,587859968.0,,117571993.6,70543196.16,777354240.0,310941696.0,0.0,0.08,0.12,0.15,0.1,50,587859968.0
LOGITECH INTERNATIONAL SA,LOGI,Technology,Switzerland,13190645760.0,4765593088.0,0.68,953118617.6,571871170.56,3297661440.0,1319064576.0,0.0,0.08,0.12,0.15,0.1,50,4765593088.0
STMICROELECTRONICS NV,STM,Technology,Netherlands,29729488896.0,11800000512.0,1.322,2360000102.4,1416000061.44,7432372224.0,2972948889.6000004,0.0,0.08,0.12,0.15,0.1,50,11800000512.0
MERCADOLIBRE INC.,MELI,Consumer Cyclical,Uruguay,99236192256.0,26193000448.0,1.453,5238600089.6,3143160053.76,24809048064.0,9923619225.6,0.0,0.08,0.12,0.15,0.1,50,26193000448.0
EAGLE POINT SOFTWARE CORPORATION,ECC,Financial Services,United States,533209632.0,202328176.0,0.274,40465635.2,24279381.12,133302408.0,53320963.2,0.0,0.08,0.12,0.15,0.1,50,202328176.0
MITSUBISHI ELECTRIC POWER PRODUCTS INC.,6503.T,Industrials,Japan,74955488336.2816,38038379325.0304,0.456,7607675865.006081,4564605519.003648,18738872084.0704,7495548833.62816,0.0,0.08,0.12,0.15,0.1,50,38038379325.0304
LITERA CORPORATION,C2X.F,Communication Services,China,4640824074.240001,7690390732.8,1.298,1538078146.5600002,922846887.936,1160206018.5600002,464082407.4240001,0.0,0.08,0.12,0.15,0.1,50,7690390732.8
CLARIVATE PLC,CLVT,Technology,United Kingdom,1183105536.0,2501199872.0,1.542,500239974.4,300143984.64,295776384.0,118310553.6,0.0,0.08,0.12,0.15,0.1,50,2501199872.0
OVH GROUPE SA,OVH.PA,Technology,France,1461953940.48,1171368069.12,1.205,234273613.82400003,140564168.2944,365488485.12,146195394.048,0.0,0.08,0.12,0.15,0.1,50,1171368069.12
FORM INC.,FORM,Technology,United States,7369550336.0,784993024.0,1.103,156998604.8,94199162.88,1842387584.0,736955033.6,0.0,0.08,0.12,0.15,0.1,50,784993024.0
BBN HOLDINGS INC.,BBN,Financial Services,United States,1021739264.0,0.0,,0.0,0.0,255434816.0,102173926.4,0.0,0.08,0.12,0.15,0.1,50,0.0
CRANEWARE PLC,3X6.F,Healthcare,United Kingdom,625680806.4000001,222109551.36,-0.32,44421910.27200001,26653146.1632,156420201.60000002,62568080.640000015,0.0,0.08,0.12,0.15,0.1,50,222109551.36
SIX GROUP AG,TSLX,Financial Services,United States,1795609600.0,449055008.0,,89811001.60000001,53886600.96,448902400.0,179560960.0,0.0,0.08,0.12,0.15,0.1,50,449055008.0
SODEXO SA,SDXOF,Industrials,France,7393857024.0,26240660418.56,0.135,4814800076.8,2888880046.08,1848464256.0,739385702.4000001,0.0,0.08,0.12,0.15,0.1,50,24074000384.0
KLARNA HOLDING AB,KLAR,Technology,United Kingdom,7113143808.0,3208999936.0,,641799987.2,385079992.32,1778285952.0,711314380.8000001,0.0,0.08,0.12,0.15,0.1,50,3208999936.0
EVERCOMMERCE INC.,EVCM,Technology,United States,1788314880.0,718038016.0,1.036,143607603.20000002,86164561.92,447078720.0,178831488.0,0.0,0.08,0.12,0.15,0.1,50,718038016.0
NIELSEN HOLDINGS NV,SNI.OL,Industrials,United Kingdom,1909958332.416,260286090.24,-0.662,52057218.04800001,31234330.8288,477489583.104,190995833.2416,0.0,0.08,0.12,0.15,0.1,50,260286090.24
EXPERIAN PLC,J2B.F,Industrials,Ireland,27966314741.76,8602200207.36,0.901,1720440041.472,1032264024.8832,6991578685.440001,2796631474.1760006,0.0,0.08,0.12,0.15,0.1,50,8602200207.36
GLOBAL MARKET INSITE INC.,CBOE,Financial Services,United States,29833103360.0,4714200064.0,0.347,942840012.8,565704007.68,7458275840.0,2983310336.0,0.0,0.08,0.12,0.15,0.1,50,4714200064.0
SUEZ SA,SUEZF,Consumer Defensive,Germany,2653711360.0,9355470069.76,0.087,1716600012.8000002,1029960007.68,663427840.0,265371136.0,0.0,0.08,0.12,0.15,0.1,50,8583000064.0
CERTARA INC.,CERT,Healthcare,United States,1044036864.0,415551008.0,1.477,83110201.60000001,49866120.96,261009216.0,104403686.4,0.0,0.08,0.12,0.15,0.1,50,415551008.0
BROADRIDGE FINANCIAL SOLUTIONS INC.,BR,Technology,United States,20310773760.0,7180299776.0,0.979,1436059955.2,861635973.12,5077693440.0,2031077376.0,0.0,0.08,0.12,0.15,0.1,50,7180299776.0
IDEXX LABORATORIES INC.,IDXX,Healthcare,United States,50369359872.0,4303702016.0,1.66,860740403.2,516444241.92,12592339968.0,5036935987.2,0.0,0.08,0.12,0.15,0.1,50,4303702016.0
GITLAB INC.,GTLB,Technology,United States,4764036096.0,906252992.0,0.754,181250598.4,108750359.04,1191009024.0,476403609.6,0.0,0.08,0.12,0.15,0.1,50,906252992.0
VALEUR SA,83PN.F,Energy,Singapore,756245790.72,721323325.44,-1.464,144264665.08800003,86558799.0528,189061447.68,75624579.07200001,0.0,0.08,0.12,0.15,0.1,50,721323325.44
TEAMVIEWER AG,TMV.DE,Technology,Germany,813712573.44,806515937.2800001,0.984,161303187.45600003,96781912.4736,203428143.36,81371257.34400001,0.0,0.08,0.12,0.15,0.1,50,806515937.2800001
ELECTRONIC ARTS INC.,EA,Communication Services,United States,49938128896.0,7305999872.0,0.745,1461199974.4,876719984.64,12484532224.0,4993812889.6,0.0,0.08,0.12,0.15,0.1,50,7305999872.0
KADOKAWA CORPORATION,KDKWF,Communication Services,Japan,3517158912.0,1810505397.0432,0.315,362101079.40864,217260647.645184,879289728.0,351715891.20000005,0.0,0.08,0.12,0.15,0.1,50,274318999552.0
LANDIS NV,LANDZ.XC,Industrials,Switzerland,1704641146.88,1820920586.24,0.932,364184117.2480001,218510470.34880003,426160286.72,170464114.68800002,0.0,0.08,0.12,0.15,0.1,50,1820920586.24
ALL IN BITS INC.,301419.SZ,Technology,China,600599982.08,58059585.92000001,0.333,11611917.184000002,6967150.310400001,150149995.52,60059998.208,0.0,0.08,0.12,0.15,0.1,50,58059585.92000001
DRAFTKINGS INC.,DKNG,Consumer Cyclical,United States,11000772608.0,6054524928.0,1.649,1210904985.6,726542991.36,2750193152.0,1100077260.8,0.0,0.08,0.12,0.15,0.1,50,6054524928.0
YUM! BRANDS INC.,YUM,Consumer Cyclical,United States,44510556160.0,8214000128.0,0.657,1642800025.6,985680015.36,11127639040.0,4451055616.0,0.0,0.08,0.12,0.15,0.1,50,8214000128.0
CAREDX INC.,1K9.F,Healthcare,United States,962521574.4,386637857.28,2.512,77327571.45600002,46396542.8736,240630393.6,96252157.44,0.0,0.08,0.12,0.15,0.1,50,386637857.28
ASSURANT INC.,AIZ,Financial Services,United States,11143411712.0,12814300160.0,0.575,2562860032.0,1537716019.2,2785852928.0,1114341171.2,0.0,0.08,0.12,0.15,0.1,50,12814300160.0
NAVIGA INC.,NVGS,Energy,United Kingdom,1282007424.0,578158016.0,0.398,115631603.2,69378961.92,320501856.0,128200742.4,0.0,0.08,0.12,0.15,0.1,50,578158016.0
TOYOTA TSUSHO CORPORATION,TYHOY,Industrials,Japan,49621504000.0,72886301963.0592,0.664,14577260392.61184,8746356235.567104,12405376000.0,4962150400.0,0.0,0.08,0.12,0.15,0.1,50,11043379085312.0
SNOWFLAKE INC.,SNOW,Technology,United States,59183489024.0,4386721792.0,1.147,877344358.4000001,526406615.04,14795872256.0,5918348902.400001,0.0,0.08,0.12,0.15,0.1,50,4386721792.0
SPRINGER NATURE AG & CO. KGAA,SPG.F,Communication Services,Germany,3329401743.36,2026619965.44,,405323993.08800006,243194395.8528,832350435.84,332940174.336,0.0,0.08,0.12,0.15,0.1,50,2026619965.44
INTUIT INC.,ISRG,Healthcare,United States,174052884480.0,10064700416.0,1.662,2012940083.2,1207764049.9199998,43513221120.0,17405288448.0,0.0,0.08,0.12,0.15,0.1,50,10064700416.0
BUREAU VERITAS SA,4BV.F,Industrials,France,12869949358.08,7151867965.440001,0.688,1430373593.0880003,858224155.8528,3217487339.52,1286994935.808,0.0,0.08,0.12,0.15,0.1,50,7151867965.440001
BRIGHTSTAR CORPORATION,BRSL,Consumer Cyclical,United Kingdom,2502679296.0,2494000128.0,1.027,498800025.6,299280015.36,625669824.0,250267929.6,0.0,0.08,0.12,0.15,0.1,50,2494000128.0
HENSOLDT AG,1HENS.MI,Industrials,Germany,10114432450.56,2590920069.1200004,0.503,518184013.8240001,310910408.29440004,2528608112.6400003,1011443245.0560002,0.0,0.08,0.12,0.15,0.1,50,2590920069.1200004
VANTAGE TOWERS AG,VTWRF,Real Estate,Germany,21944883200.0,808556992.0,0.096,161711398.4,97026839.04,5486220800.0,2194488320.0,0.0,0.08,0.12,0.15,0.1,50,808556992.0
HMS HOLDINGS CORPORATION,4H3A.F,Technology,Sweden,1973936839.68,0.0,1.115,0.0,0.0,493484209.92,197393683.968,0.0,0.08,0.12,0.15,0.1,50,0.0
ALLEGION PLC,ALLE,Industrials,Ireland,14215927808.0,3979699968.0,1.038,795939993.6,477563996.16,3553981952.0,1421592780.8000002,0.0,0.08,0.12,0.15,0.1,50,3979699968.0
PARADOX INTERACTIVE AB,PDX.ST,Communication Services,Sweden,1190054548.48,208232217.6,0.06,41646443.52,24987866.112,297513637.12,119005454.848,0.0,0.08,0.12,0.15,0.1,50,208232217.6
FOUNDER INTERNATIONAL INC.,002196.SZ,Industrials,China,1258622095.36,372975447.04,0.533,74595089.408,44757053.6448,314655523.84000003,125862209.536,0.0,0.08,0.12,0.15,0.1,50,372975447.04
BTS GROUP AB,BTSG,Healthcare,United States,6958893568.0,13301155840.0,2.375,2660231168.0,1596138700.8,1739723392.0,695889356.8000001,0.0,0.08,0.12,0.15,0.1,50,13301155840.0
AMPER SA,C7A0.F,Industrials,China,280951154933.76,416922992640.0,0.748,83384598528.0,50030759116.8,70237788733.44,28095115493.376003,0.0,0.08,0.12,0.15,0.1,50,416922992640.0
HOME SHOPPING NETWORK INC.,057050.KS,Consumer Cyclical,South Korea,666580942.848,2118861.029376,0.523,565029607.8336,339017764.70016,166645235.712,66658094.28480001,0.0,0.08,0.12,0.15,0.1,50,2825148039.168
LINKO INC.,LINKO.XC,Communication Services,Norway,588535846.9120001,665810548.7360001,1.426,133162109.7472,79897265.84832,147133961.72800002,58853584.69120001,0.0,0.08,0.12,0.15,0.1,50,665810548.7360001
PEXIP HOLDING ASA,PEXIP.OL,Technology,Norway,594346580.992,115458879.488,1.589,23091775.897600003,13855065.53856,148586645.248,59434658.0992,0.0,0.08,0.12,0.15,0.1,50,115458879.488
REVENIO GROUP OYJ,REG1V.HE,Healthcare,Finland,524066146.56000006,118692000.0,1.253,23738400.000000004,14243040.000000002,131016536.64000002,52406614.65600001,0.0,0.08,0.12,0.15,0.1,50,118692000.0
NORBIT ASA,NORBT.OL,Technology,Norway,1165144035.328,235235009.024,0.298,47047001.8048,28228201.08288,291286008.832,116514403.53280002,0.0,0.08,0.12,0.15,0.1,50,235235009.024
WELL HEALTH TECHNOLOGIES CORPORATION,WELL.TO,Healthcare,Canada,736461639.68,925123609.6,1.222,185024721.92,111014833.152,184115409.92,73646163.968,0.0,0.08,0.12,0.15,0.1,50,925123609.6
KRAKEN ROBOTICS INC.,PNG.V,Technology,Canada,1732927595.52,75424500.0,1.045,15084900.0,9050940.0,433231898.88,173292759.55200002,0.0,0.08,0.12,0.15,0.1,50,75424500.0
MIND MEDICINE (MINDMED) INC.,MNMD,Healthcare,United States,1460232320.0,0.0,2.621,0.0,0.0,365058080.0,146023232.0,0.0,0.08,0.12,0.15,0.1,50,0.0
NVENT ELECTRIC PLC,NVT,Industrials,United Kingdom,18591848448.0,3893100032.0,1.309,778620006.4000001,467172003.84,4647962112.0,1859184844.8,0.0,0.08,0.12,0.15,0.1,50,3893100032.0
PLANET GROUP INC.,PL,Industrials,United States,7538089472.0,282459008.0,1.952,56491801.6,33895080.96,1884522368.0,753808947.2,0.0,0.08,0.12,0.15,0.1,50,282459008.0
APPIAN CORPORATION,APPN,Technology,United States,1699033600.0,690755008.0,0.927,138151001.6,82890600.96,424758400.0,169903360.0,0.0,0.08,0.12,0.15,0.1,50,690755008.0
CINT AB,CINT,Technology,Brazil,625715392.0,467905984.0,1.162,93581196.8,56148718.08,156428848.0,62571539.2,0.0,0.08,0.12,0.15,0.1,50,467905984.0
GETINGE AB,GTN.F,Healthcare,Sweden,5421353103.360001,0.0,0.897,0.0,0.0,1355338275.8400002,542135310.3360001,0.0,0.08,0.12,0.15,0.1,50,0.0
LATTICE GROUP PLC,LSCC,Technology,United States,13021506560.0,523262016.0,1.674,104652403.2,62791441.92,3255376640.0,1302150656.0,0.0,0.08,0.12,0.15,0.1,50,523262016.0
HELLENIC TELECOMMUNICATIONS ORGANIZATION SA,HLTOF,Communication Services,Greece,6239530496.0,3647899904.0,0.07,729579980.8000001,437747988.48,1559882624.0,623953049.6,0.0,0.08,0.12,0.15,0.1,50,3647899904.0
DAGANG NEXCHANGE BHD,4456.KL,Technology,Malaysia,973504128.0,1129753984.0,0.185,225950796.8,135570478.07999998,243376032.0,97350412.8,0.0,0.08,0.12,0.15,0.1,50,1129753984.0
LG ELECTRONICS INC.,066570.KS,Technology,South Korea,15827796492.288,50175506.644992,0.984,13380135105.3312,8028081063.198719,3956949123.072,1582779649.2288,0.0,0.08,0.12,0.15,0.1,50,66900675526.656
APTA HOLDINGS INC.,ATR,Healthcare,United States,9389772800.0,3777180928.0,0.485,755436185.6,453261711.36,2347443200.0,938977280.0,0.0,0.08,0.12,0.15,0.1,50,3777180928.0
ESCO TECHNOLOGIES INC.,ESE,Technology,United States,6911578624.0,1170454016.0,1.206,234090803.2,140454481.92,1727894656.0,691157862.4000001,0.0,0.08,0.12,0.15,0.1,50,1170454016.0
INGERSOLL RAND PLC,IR,Industrials,United States,39068516352.0,7650899968.0,1.309,1530179993.6,918107996.16,9767129088.0,3906851635.2,0.0,0.08,0.12,0.15,0.1,50,7650899968.0
TECH MAHINDRA (AMERICAS) INC.,TECHM.BO,Technology,India,16195222241.28,6614795943.936,0.262,1322959188.7872,793775513.2723199,4048805560.32,1619522224.1280005,0.0,0.08,0.12,0.15,0.1,50,6614795943.936
NEWEGG COMMERCE INC.,NEGG,Consumer Cyclical,United States,1047695040.0,1313127040.0,4.342,262625408.0,157575244.79999998,261923760.0,104769504.0,0.0,0.08,0.12,0.15,0.1,50,1313127040.0
SNAP-ON INC.,SNA,Industrials,United States,19855966208.0,5156100096.0,0.787,1031220019.2,618732011.52,4963991552.0,1985596620.8,0.0,0.08,0.12,0.15,0.1,50,5156100096.0
VERTEX INC.,VRTX,Healthcare,United States,120886214656.0,12001300480.0,0.319,2400260096.0,1440156057.6,30221553664.0,12088621465.6,0.0,0.08,0.12,0.15,0.1,50,12001300480.0
ETSY INC.,ETSY,Consumer Cyclical,United States,4394989056.0,2854027008.0,1.761,570805401.6,342483240.96,1098747264.0,439498905.6,0.0,0.08,0.12,0.15,0.1,50,2854027008.0
AFFIRM INC.,AFRM,Financial Services,United States,16945338368.0,3715908096.0,3.582,743181619.2,445908971.52,4236334592.0,1694533836.8000002,0.0,0.08,0.12,0.15,0.1,50,3715908096.0
ARISTA NETWORKS INC.,ANET,Technology,United States,178616991744.0,9005700096.0,1.444,1801140019.2,1080684011.52,44654247936.0,17861699174.4,0.0,0.08,0.12,0.15,0.1,50,9005700096.0
JOHN WILEY & SONS INC.,2F7.F,Communication Services,United States,1385018680.3200002,1799016514.5600002,0.958,359803302.91200006,215881981.7472,346254670.08000004,138501868.03200004,0.0,0.08,0.12,0.15,0.1,50,1799016514.5600002
AMBARELLA INC.,AMBA,Technology,United States,2847789824.0,373849984.0,1.941,74769996.8,44861998.08,711947456.0,284778982.40000004,0.0,0.08,0.12,0.15,0.1,50,373849984.0
XIAOMI INC.,1810.HK,Technology,China,121737769385.984,57520039133.184,0.8,11504007826.6368,6902404695.98208,30434442346.496,12173776938.598402,0.0,0.08,0.12,0.15,0.1,50,57520039133.184
KAKAO GAMES CORPORATION,293490.KQ,Communication Services,South Korea,931866279.936,374514843.648,0.509,74902968.7296,44941781.23776,232966569.984,93186627.9936,0.0,0.08,0.12,0.15,0.1,50,374514843.648
ORANGE PLC,ORA.PA,Communication Services,France,49242578780.16,43495922073.600006,0.21,8699184414.720001,5219510648.832001,12310644695.04,4924257878.016001,0.0,0.08,0.12,0.15,0.1,50,43495922073.600006
CROWDSTRIKE HOLDINGS INC.,CRWD,Technology,United States,102478012416.0,4565168128.0,1.034,913033625.6,547820175.36,25619503104.0,10247801241.6,0.0,0.08,0.12,0.15,0.1,50,4565168128.0
NORTHERN DATA AG,1NB.MI,Technology,Germany,841695459.84,216292688.64,0.685,43258537.72800001,25955122.6368,210423864.96,84169545.98400001,0.0,0.08,0.12,0.15,0.1,50,216292688.64
ALFA LAVAL INTERNATIONAL AB,0NNF.IL,Industrials,Sweden,21615370076.16,5667605176.32,1.192513,1133521035.264,680112621.1583999,5403842519.04,2161537007.616,0.0,0.08,0.12,0.15,0.1,50,5667605176.32
ICAP PLC,8D7.F,Financial Services,Jersey,2322181785.6000004,2448360069.1200004,0.398,489672013.8240001,293803208.29440004,580545446.4000001,232218178.5600001,0.0,0.08,0.12,0.15,0.1,50,2448360069.1200004
WORKDAY INC.,WDAY,Technology,United States,38111580160.0,9230999552.0,1.124,1846199910.4,1107719946.24,9527895040.0,3811158016.0,0.0,0.08,0.12,0.15,0.1,50,9230999552.0
LIGHTSPEED COMMERCE INC.,LSPD.TO,Technology,Canada,1244633018.88,880355811.84,2.178,176071162.36800003,105642697.4208,311158254.72,124463301.888,0.0,0.08,0.12,0.15,0.1,50,880355811.84
SINCH AB,1I9A.F,Communication Services,Sweden,1715679498.24,0.0,2.872,0.0,0.0,428919874.56,171567949.824,0.0,0.08,0.12,0.15,0.1,50,0.0
CHURCHILL CAPITAL CORPORATION II,CCCX,Financial Services,United States,711003008.0,0.0,,0.0,0.0,177750752.0,71100300.8,0.0,0.08,0.12,0.15,0.1,50,0.0
PROSUS NV,PRXB31.SA,Consumer Cyclical,Netherlands,115056875929.6,1366000025.6,0.791,273200005.12000006,163920003.072,28764218982.4,11505687592.96,0.0,0.08,0.12,0.15,0.1,50,1366000025.6
PENN NATIONAL GAMING INC.,PENN,Consumer Cyclical,United States,1766657152.0,6823799808.0,1.379,1364759961.6,818855976.9599999,441664288.0,176665715.20000002,0.0,0.08,0.12,0.15,0.1,50,6823799808.0
FRANKLIN RESOURCES INC.,BEN,Financial Services,United States,14168791040.0,8846199808.0,1.488,1769239961.6,1061543976.96,3542197760.0,1416879104.0,0.0,0.08,0.12,0.15,0.1,50,8846199808.0
PANASONIC CORPORATION,6752.T,Technology,Japan,36782926253.2608,53185055083.7248,0.745,10637011016.74496,6382206610.046976,9195731563.3152,3678292625.32608,0.0,0.08,0.12,0.15,0.1,50,53185055083.7248
HONEYWELL INC.,HON,Industrials,United States,163952492544.0,37441998848.0,0.93,7488399769.6,4493039861.76,40988123136.0,16395249254.400002,0.0,0.08,0.12,0.15,0.1,50,37441998848.0
QUANTUM CORPORATION,QS,Consumer Cyclical,United States,4370202112.0,0.0,2.497,0.0,0.0,1092550528.0,437020211.2000001,0.0,0.08,0.12,0.15,0.1,50,0.0
GRID DYNAMICS HOLDINGS INC.,47E.F,Technology,United States,518195370.24,438431408.6400001,0.803,87686281.72800002,52611769.036800005,129548842.56,51819537.024,0.0,0.08,0.12,0.15,0.1,50,438431408.6400001
ENVIRONMENTAL SYSTEMS RESEARCH INSTITUTE INC.,301018.SZ,Industrials,China,3475178577.920001,496550942.72,0.22,99310188.544,59586113.1264,868794644.4800001,347517857.79200006,0.0,0.08,0.12,0.15,0.1,50,496550942.72
RAKUTEN INC.,4755.T,Consumer Cyclical,Japan,12309563493.5808,16727052805.7344,0.928,3345410561.14688,2007246336.688128,3077390873.3952003,1230956349.35808,0.0,0.08,0.12,0.15,0.1,50,16727052805.7344
WARNER BROS ENTERTAINMENT INC.,WBD,Communication Services,United States,71843127296.0,37862998016.0,1.616,7572599603.200001,4543559761.92,17960781824.0,7184312729.6,0.0,0.08,0.12,0.15,0.1,50,37862998016.0
APPLIED MATERIALS INC.,AMAT,Technology,United States,284842819584.0,28213999616.0,1.677,5642799923.200001,3385679953.92,71210704896.0,28484281958.4,0.0,0.08,0.12,0.15,0.1,50,28213999616.0
RED CAT HOLDINGS INC.,RCAT,Industrials,United States,1332742912.0,7443942.0,1.346,1488788.4,893273.0399999999,333185728.0,133274291.2,0.0,0.08,0.12,0.15,0.1,50,7443942.0
SGS SA,SYRMA.BO,Technology,India,1994361864.192,513408958.464,-0.166,102681791.6928,61609075.01567999,498590466.048,199436186.41920003,0.0,0.08,0.12,0.15,0.1,50,513408958.464
BAIDU INC.,9888.HK,Communication Services,China,49407777046.528,16699263811.584,0.288,3339852762.3168,2003911657.39008,12351944261.632,4940777704.652801,0.0,0.08,0.12,0.15,0.1,50,16699263811.584
ONE.COM GROUP AB,PAYTM.BO,Technology,India,8986261979.136,970127966.208,-0.715,194025593.24160004,116415355.94496,2246565494.784,898626197.9136,0.0,0.08,0.12,0.15,0.1,50,970127966.208
MCH GROUP AG,MCHP,Technology,United States,42522427392.0,4372400128.0,1.438,874480025.6,524688015.36,10630606848.0,4252242739.2,0.0,0.08,0.12,0.15,0.1,50,4372400128.0
HMS INDUSTRIAL NETWORKS AB,4H3A.SG,Technology,Sweden,1992364508.16,0.0,1.115,0.0,0.0,498091127.04,199236450.816,0.0,0.08,0.12,0.15,0.1,50,0.0
ZALANDO SE,ZAL.DE,Consumer Cyclical,Germany,6041092423.68,12500567654.400002,1.84,2500113530.8800006,1500068118.528,1510273105.92,604109242.368,0.0,0.08,0.12,0.15,0.1,50,12500567654.400002
GVC HOLDINGS PLC,GVC.VI,Consumer Cyclical,Isle of Man,4440282900.4800005,5577767792.64,0.94,1115553558.528,669332135.1168001,1110070725.12,444028290.0480001,0.0,0.08,0.12,0.15,0.1,50,5577767792.64
CIMPRESS PLC,CMPR,Industrials,Ireland,1789691264.0,3564430080.0,1.744,712886016.0,427731609.6,447422816.0,178969126.4,0.0,0.08,0.12,0.15,0.1,50,3564430080.0
"GLUE NV, THE",GLUE,Healthcare,United States,1398673408.0,181538000.0,1.616,36307600.0,21784560.0,349668352.0,139867340.8,0.0,0.08,0.12,0.15,0.1,50,181538000.0
NERDWALLET INC.,NRDS,Communication Services,United States,746321024.0,795000000.0,1.431,159000000.0,95400000.0,186580256.0,74632102.4,0.0,0.08,0.12,0.15,0.1,50,795000000.0
QUALYS INC.,QLYS,Technology,United States,3715529216.0,669124992.0,0.568,133824998.4,80294999.03999999,928882304.0,371552921.6,0.0,0.08,0.12,0.15,0.1,50,669124992.0
COUPANG INC.,CPNG,Consumer Cyclical,United States,31573602304.0,33664000000.0,1.195,6732800000.0,4039680000.0,7893400576.0,3157360230.4,0.0,0.08,0.12,0.15,0.1,50,33664000000.0
ILLUMINA INC.,ILMN,Healthcare,United States,17716523008.0,4343000064.0,1.449,868600012.8000001,521160007.68,4429130752.0,1771652300.8000002,0.0,0.08,0.12,0.15,0.1,50,4343000064.0
FRESHWORKS INC.,FRSH,Technology,United States,2093915008.0,838809024.0,0.885,167761804.8,100657082.88,523478752.0,209391500.8,0.0,0.08,0.12,0.15,0.1,50,838809024.0
STADLER RAIL AG,6RL.F,Industrials,Switzerland,2404053319.6800003,3633554073.6,0.604,726710814.7200001,436026488.832,601013329.9200001,240405331.96800005,0.0,0.08,0.12,0.15,0.1,50,3633554073.6
CHEIL WORLDWIDE INC.,030000.KS,Communication Services,South Korea,1686290890.752,3383577280.512,0.06,676715456.1024001,406029273.66144,421572722.688,168629089.07520002,0.0,0.08,0.12,0.15,0.1,50,3383577280.512
VIAVI SOLUTIONS INC.,VIAV,Technology,United States,6143387136.0,1243699968.0,0.962,248739993.6,149243996.16,1535846784.0,614338713.6,0.0,0.08,0.12,0.15,0.1,50,1243699968.0
ELEKTA AB,EKTA-B.ST,Healthcare,Sweden,1980459509.76,1668865054.72,1.096,333773010.944,200263806.5664,495114877.44,198045950.976,0.0,0.08,0.12,0.15,0.1,50,1668865054.72
STINGRAY GROUP INC.,STGYF,Communication Services,Canada,972053440.0,429750016.0,1.013,85950003.2,51570001.92,243013360.0,97205344.0,0.0,0.08,0.12,0.15,0.1,50,429750016.0
NOVARTIS AG,NVS,Healthcare,Switzerland,321372946432.0,56674000896.0,0.457,11334800179.2,6800880107.52,80343236608.0,32137294643.2,0.0,0.08,0.12,0.15,0.1,50,56674000896.0
VERUS INTERNATIONAL INC.,VERTU.IS,Financial Services,Turkey,2290358784.0,6449763.0,0.09,1289952.6,773971.5599999999,572589696.0,229035878.4,0.0,0.08,0.12,0.15,0.1,50,6449763.0
ETHOS GROUP HOLDINGS INC.,LIFE,Financial Services,United States,639104000.0,344055008.0,,68811001.60000001,41286600.96,159776000.0,63910400.0,0.0,0.08,0.12,0.15,0.1,50,344055008.0
TASI HOLDINGS INC.,RYSAS.IS,Industrials,Turkey,38720000000.0,9228355584.0,-0.152,1845671116.8,1107402670.08,9680000000.0,3872000000.0,0.0,0.08,0.12,0.15,0.1,50,9228355584.0
PATRIZIA SE,P1Z.VI,Real Estate,Germany,761927731.2,277764111.36,1.223,55552822.27200001,33331693.3632,190481932.8,76192773.12,0.0,0.08,0.12,0.15,0.1,50,277764111.36
UBISOFT ENTERTAINMENT SA,UBI.PA,Communication Services,France,618114585.6,2219139757.6704,-0.495,407181606.91200006,244308964.1472,154528646.4,61811458.56,0.0,0.08,0.12,0.15,0.1,50,2035908034.56
COMCAST CORPORATION,CMCSA,Communication Services,United States,115821182976.0,123706998784.0,0.793,24741399756.800003,14844839854.08,28955295744.0,11582118297.6,0.0,0.08,0.12,0.15,0.1,50,123706998784.0
TWILIO INC.,TWLO,Technology,United States,16514058240.0,5067219968.0,1.309,1013443993.6,608066396.16,4128514560.0,1651405824.0,0.0,0.08,0.12,0.15,0.1,50,5067219968.0
GAMMA COMMUNICATIONS PLC,GAMCF,Communication Services,United Kingdom,1204701568.0,613500032.0,0.674,122700006.4,73620003.84,301175392.0,120470156.8,0.0,0.08,0.12,0.15,0.1,50,613500032.0
DISE INTERNATIONAL AB,IDEXY,Consumer Cyclical,Spain,209905057792.0,39381000192.0,0.909,7876200038.400001,4725720023.04,52476264448.0,20990505779.2,0.0,0.08,0.12,0.15,0.1,50,39381000192.0
GETAC CORPORATION,3005.TW,Technology,Taiwan,2126704517.12,1187538976.768,0.61,237507795.3536,142504677.21216,531676129.28,212670451.712,0.0,0.08,0.12,0.15,0.1,50,1187538976.768
BANCO SANTANDER SA,SAN,Financial Services,Spain,179472613376.0,49978998784.0,0.941,9995799756.8,5997479854.08,44868153344.0,17947261337.600002,0.0,0.08,0.12,0.15,0.1,50,49978998784.0
KION GROUP AG,KGXD.XC,Industrials,Germany,9131406151.68,12169763758.08,2.162,2433952751.616,1460371650.9696,2282851537.92,913140615.168,0.0,0.08,0.12,0.15,0.1,50,12169763758.08
AKAMAI TECHNOLOGIES INC.,AKAM,Technology,United States,15497881600.0,4133201920.0,0.723,826640384.0,495984230.4,3874470400.0,1549788160.0,0.0,0.08,0.12,0.15,0.1,50,4133201920.0
WEBTOON ENTERTAINMENT INC.,WBTN,Communication Services,United States,1459750784.0,1404866048.0,,280973209.6,168583925.76,364937696.0,145975078.4,0.0,0.08,0.12,0.15,0.1,50,1404866048.0
FLATEX AG,FTK.DE,Financial Services,Germany,3836531312.64,569501280.0,1.225,113900256.0,68340153.6,959132828.16,383653131.26400006,0.0,0.08,0.12,0.15,0.1,50,569501280.0
MODERN TIMES GROUP MTG AB,MRTA.F,Communication Services,Sweden,1067452439.04,0.0,0.814,0.0,0.0,266863109.76,106745243.904,0.0,0.08,0.12,0.15,0.1,50,0.0
ALIGN TECHNOLOGY INC.,ALGN,Healthcare,United States,13545527296.0,4034963968.0,1.831,806992793.6,484195676.16,3386381824.0,1354552729.6,0.0,0.08,0.12,0.15,0.1,50,4034963968.0
WEX INC.,WEX,Technology,United States,5299805696.0,2660800000.0,0.969,532160000.0,319296000.0,1324951424.0,529980569.6,0.0,0.08,0.12,0.15,0.1,50,2660800000.0
SANOMA OYJ,SNQB.F,Consumer Defensive,Finland,1597497845.76,1406699965.44,0.242,281339993.088,168803995.8528,399374461.44,159749784.576,0.0,0.08,0.12,0.15,0.1,50,1406699965.44
O'REILLY MEDIA INC.,ORLY.VI,Consumer Cyclical,United States,72413624401.92,19204550737.92,0.616,3840910147.5840006,2304546088.5504003,18103406100.48,7241362440.192,0.0,0.08,0.12,0.15,0.1,50,19204550737.92
SKF AB,1SKFB.MI,Industrials,Sweden,12702306263.04,0.0,0.767,0.0,0.0,3175576565.76,1270230626.304,0.0,0.08,0.12,0.15,0.1,50,0.0
HUBSPOT INC.,HUBS,Technology,United States,12889260032.0,3131266048.0,1.394,626253209.6,375751925.76,3222315008.0,1288926003.2,0.0,0.08,0.12,0.15,0.1,50,3131266048.0
TYLER TECHNOLOGIES INC.,TYL,Technology,United States,13233787904.0,2332339968.0,0.897,466467993.6,279880796.16,3308446976.0,1323378790.4,0.0,0.08,0.12,0.15,0.1,50,2332339968.0
TREND MICRO INC.,4704.T,Technology,Japan,4941646967.6032,1827311070.4128,0.544,365462214.08256006,219277328.449536,1235411741.9008,494164696.76032,0.0,0.08,0.12,0.15,0.1,50,1827311070.4128
HOIST GROUP AB,4HF.F,Financial Services,Netherlands,1242520058.88,0.0,1.223,0.0,0.0,310630014.72,124252005.888,0.0,0.08,0.12,0.15,0.1,50,0.0
KONICA MINOLTA INC.,4902.T,Industrials,Japan,1897759850.496,47631837.76530432,0.37,1443389023.19104,866033413.914624,474439962.624,189775985.0496,0.0,0.08,0.12,0.15,0.1,50,7216945115.9552
TGS-NOPEC GEOPHYSICAL COMPANY ASA,0MSJ.IL,Energy,Norway,1431944298.496,68980863.744,1.248281,13796172.748800002,8277703.64928,357986074.624,143194429.84960002,0.0,0.08,0.12,0.15,0.1,50,68980863.744
DATAGROUP SE,D6H.F,Technology,Germany,637829475.84,617337469.44,1.268,123467493.888,74080496.3328,159457368.96,63782947.58400001,0.0,0.08,0.12,0.15,0.1,50,617337469.44
KONINKLIJKE PHILIPS NV,PHIA.AS,Healthcare,Netherlands,26927946547.2,19260720414.72,0.912,3852144082.944,2311286449.7664,6731986636.8,2692794654.7200003,0.0,0.08,0.12,0.15,0.1,50,19260720414.72
APPLOVIN CORPORATION,APP,Communication Services,United States,125321281536.0,5480716800.0,2.49,1096143360.0,657686016.0,31330320384.0,12532128153.6,0.0,0.08,0.12,0.15,0.1,50,5480716800.0
SCANSOURCE INC.,SC3.F,Technology,United States,747480752.6400001,3265806643.2000003,1.262,653161328.6400001,391896797.184,186870188.16000003,74748075.26400001,0.0,0.08,0.12,0.15,0.1,50,3265806643.2000003
ROCK HOLDINGS INC.,ROCK,Industrials,United States,1573146752.0,1383810944.0,1.326,276762188.8,166057313.28,393286688.0,157314675.20000002,0.0,0.08,0.12,0.15,0.1,50,1383810944.0
LIVERAMP INC.,RAMP,Technology,United States,1546030464.0,795571968.0,1.15,159114393.6,95468636.16,386507616.0,154603046.4,0.0,0.08,0.12,0.15,0.1,50,795571968.0
VOLKSWAGEN AG,VOW3.DE,Consumer Cyclical,Germany,57157422612.48,383821340501.60645,1.019,70425934036.992,42255560422.1952,14289355653.12,5715742261.248001,0.0,0.08,0.12,0.15,0.1,50,352129670184.96
PRECISION FOR MEDICINE INC.,SONACOMS.NS,Consumer Cyclical,India,3953080664.064,486805536.768,0.108,97361107.3536,58416664.41216,988270166.016,395308066.4064,0.0,0.08,0.12,0.15,0.1,50,486805536.768
GLOBAL PAYMENTS INC.,GPN,Industrials,United States,19249408000.0,10076184576.0,0.75,2015236915.2,1209142149.12,4812352000.0,1924940800.0,0.0,0.08,0.12,0.15,0.1,50,10076184576.0
BAWAG GROUP AG,BG.VI,Financial Services,Austria,11185020518.400002,2147364034.56,0.827,429472806.91200006,257683684.1472,2796255129.6000004,1118502051.8400002,0.0,0.08,0.12,0.15,0.1,50,2147364034.56
COINBASE INC.,COIN,Financial Services,United States,44807651328.0,6883438080.0,3.703,1376687616.0,826012569.6,11201912832.0,4480765132.8,0.0,0.08,0.12,0.15,0.1,50,6883438080.0
CBRE GROUP INC.,CBRE,Real Estate,United States,42306564096.0,40549998592.0,1.314,8109999718.400001,4865999831.04,10576641024.0,4230656409.6,0.0,0.08,0.12,0.15,0.1,50,40549998592.0
SPHERA CORPORATION,SFG.RO,Consumer Cyclical,Romania,1546938624.0,1559728000.0,0.542,311945600.0,187167360.0,386734656.0,154693862.4,0.0,0.08,0.12,0.15,0.1,50,1559728000.0
CARGURUS INC.,CARG,Consumer Cyclical,United States,2751492352.0,926425024.0,1.366,185285004.8,111171002.88,687873088.0,275149235.2,0.0,0.08,0.12,0.15,0.1,50,926425024.0
L3 TECHNOLOGIES INC.,LHX,Industrials,United States,65024245760.0,21865000960.0,0.64,4373000192.0,2623800115.2,16256061440.0,6502424576.0,0.0,0.08,0.12,0.15,0.1,50,21865000960.0
ASSECO POLAND SA,ACP.WA,Technology,Poland,13759209472.0,18386399232.0,0.327,3677279846.4,2206367907.84,3439802368.0,1375920947.2,0.0,0.08,0.12,0.15,0.1,50,18386399232.0
SONDA SA,SONDA.SN,Technology,Chile,282658045952.0,1528364847.9492064,0.389,288860956262.4,173316573757.44,70664511488.0,28265804595.2,0.0,0.08,0.12,0.15,0.1,50,1444304781312.0
TEMENOS GROUP AG,TE8N.F,Technology,Switzerland,5066195742.72,1182726420.48,0.599,236545284.096,141927170.4576,1266548935.68,506619574.2720001,0.0,0.08,0.12,0.15,0.1,50,1182726420.48
DEUTSCHE BANK AG,DBK.DE,Financial Services,Germany,62552737382.4,32817959239.68,1.004,6563591847.936001,3938155108.7616,15638184345.6,6255273738.240001,0.0,0.08,0.12,0.15,0.1,50,32817959239.68
EVOLUTION GAMING GROUP AB,0RQ6.IL,Consumer Cyclical,Sweden,11959699701.76,157382794.24,1.112681,31476558.848000005,18885935.3088,2989924925.44,1195969970.176,0.0,0.08,0.12,0.15,0.1,50,157382794.24
SWISSQUOTE GROUP HOLDING SA,1SQ.F,Financial Services,Switzerland,7157605478.400001,787989634.5600001,1.261,157597926.91200003,94558756.1472,1789401369.6,715760547.8400002,0.0,0.08,0.12,0.15,0.1,50,787989634.5600001
INTEGRATE.COM INC.,CPAMF,Real Estate,Singapore,12070530048.0,1619174016.0,0.486,323834803.20000005,194300881.92,3017632512.0,1207053004.8,0.0,0.08,0.12,0.15,0.1,50,1619174016.0
LINE CORPORATION,LINE,Real Estate,United States,9198783488.0,5358000128.0,,1071600025.6,642960015.36,2299695872.0,919878348.8,0.0,0.08,0.12,0.15,0.1,50,5358000128.0
NCR CORPORATION,VYX,Technology,United States,1274177152.0,2652999936.0,1.558,530599987.2000001,318359992.32,318544288.0,127417715.2,0.0,0.08,0.12,0.15,0.1,50,2652999936.0
HEXAWARE TECHNOLOGIES INC.,HEXT.NS,Technology,India,4345611681.792,1611647975.424,,322329595.0848,193397757.05088,1086402920.448,434561168.1792,0.0,0.08,0.12,0.15,0.1,50,1611647975.424
COGNEX CORPORATION,CGNX,Technology,United States,9484309504.0,994358976.0,1.534,198871795.2,119323077.12,2371077376.0,948430950.4,0.0,0.08,0.12,0.15,0.1,50,994358976.0
MCDONALD'S CORPORATION,MJ8.F,Consumer Cyclical,Japan,5632103854.08,2969539036.8399363,0.088,593907807.3679873,356344684.42079234,1408025963.52,563210385.408,0.0,0.08,0.12,0.15,0.1,50,449930157096.96
ZEAL NETWORK SE,TIMA.F,Consumer Cyclical,Germany,1121167042.5600002,251211248.64,0.278,50242249.72800001,30145349.8368,280291760.64000005,112116704.25600004,0.0,0.08,0.12,0.15,0.1,50,251211248.64
H&R BLOCK INC.,HRB,Consumer Cyclical,United States,3852228352.0,3790531072.0,0.346,758106214.4000001,454863728.64,963057088.0,385222835.2000001,0.0,0.08,0.12,0.15,0.1,50,3790531072.0
DASSAULT SYSTEMES SA,DSY.PA,Technology,France,23786058792.960003,6734664069.120001,0.553,1346932813.8240004,808159688.2944001,5946514698.240001,2378605879.2960005,0.0,0.08,0.12,0.15,0.1,50,6734664069.120001
ROPER TECHNOLOGIES INC.,ROP,Technology,United States,33794924544.0,7902499840.0,0.93,1580499968.0,948299980.8,8448731136.0,3379492454.4,0.0,0.08,0.12,0.15,0.1,50,7902499840.0
FFI HOLDINGS PLC,FFIV,Technology,United States,15375922176.0,3144048128.0,1.008,628809625.6,377285775.36,3843980544.0,1537592217.6,0.0,0.08,0.12,0.15,0.1,50,3144048128.0
TELENOR ASA,TEL.OL,Communication Services,Norway,22668756189.184,7195511783.424,0.289,1439102356.6848,863461414.01088,5667189047.2960005,2266875618.9184003,0.0,0.08,0.12,0.15,0.1,50,7195511783.424
THALES SA,HO.PA,Industrials,France,55236740382.72,23056812933.120003,0.152,4611362586.624001,2766817551.9744,13809185095.68,5523674038.272,0.0,0.08,0.12,0.15,0.1,50,23056812933.120003
"YELOOO INTEGRA DATANET TBK, PT",YELO.JK,Consumer Cyclical,Indonesia,181713567744.0,90796924928.0,-0.707,18159384985.6,10895630991.36,45428391936.0,18171356774.4,0.0,0.08,0.12,0.15,0.1,50,90796924928.0
FAIR ISAAC CORPORATION,FICO,Technology,United States,31795130368.0,2062860032.0,1.269,412572006.4,247543203.84,7948782592.0,3179513036.8,0.0,0.08,0.12,0.15,0.1,50,2062860032.0
10X GENOMICS INC.,TXG,Healthcare,United States,2440068096.0,642822976.0,2.237,128564595.2,77138757.11999999,610017024.0,244006809.6,0.0,0.08,0.12,0.15,0.1,50,642822976.0
FREENET AG,FNTN.DE,Communication Services,Germany,4291473623.04,2709935861.76,0.308,541987172.3520001,325192303.4112,1072868405.76,429147362.3040001,0.0,0.08,0.12,0.15,0.1,50,2709935861.76
"PRICELINE GROUP INC., THE",BKNG,Consumer Cyclical,United States,133643952128.0,26038999040.0,1.186,5207799808.0,3124679884.8,33410988032.0,13364395212.8,0.0,0.08,0.12,0.15,0.1,50,26038999040.0
EVONIK INDUSTRIES AG,EVK.F,Basic Materials,Germany,7856200765.440001,15194520207.36,0.706,3038904041.472,1823342424.8832,1964050191.36,785620076.5440001,0.0,0.08,0.12,0.15,0.1,50,15194520207.36
SCICOM (MSC) BHD,0099.KL,Industrials,Malaysia,526071296.0,210777744.0,0.339,42155548.8,25293329.28,131517824.0,52607129.6,0.0,0.08,0.12,0.15,0.1,50,210777744.0
FORTINET INC.,FTNT,Technology,United States,62316584960.0,6799600128.0,1.047,1359920025.6,815952015.36,15579146240.0,6231658496.0,0.0,0.08,0.12,0.15,0.1,50,6799600128.0
STINGRAY DIGITAL MEDIA GROUP INC.,317V.SG,Communication Services,Canada,838989964.8000001,464130017.28,1.013,92826003.45600002,55695602.0736,209747491.2,83898996.48000002,0.0,0.08,0.12,0.15,0.1,50,464130017.28
MOZ INC.,MOZNZ.XC,Consumer Cyclical,Switzerland,735701370.8800001,1073306071.04,0.423,214661214.20800003,128796728.5248,183925342.72000003,73570137.08800001,0.0,0.08,0.12,0.15,0.1,50,1073306071.04
BAKER HUGHES INC.,BKR,Energy,United States,58968068096.0,27733000192.0,0.859,5546600038.400001,3327960023.04,14742017024.0,5896806809.6,0.0,0.08,0.12,0.15,0.1,50,27733000192.0
TUI AG,TUI1.DE,Consumer Cyclical,Germany,4676849971.200001,28450450862.899204,1.503,5220266213.376,3132159728.0256,1169212492.8000002,467684997.1200001,0.0,0.08,0.12,0.15,0.1,50,26101331066.88
VETOQUINOL SA,8JM.F,Healthcare,France,1117593745.92,574980111.36,1.02,114996022.272,68997613.3632,279398436.48,111759374.592,0.0,0.08,0.12,0.15,0.1,50,574980111.36
NEMETSCHEK AG,NEM.DE,Technology,Germany,8188946657.280001,1249418511.36,0.591,249883702.27200004,149930221.3632,2047236664.32,818894665.7280002,0.0,0.08,0.12,0.15,0.1,50,1249418511.36
CTS EVENTIM AG & CO. KGAA,EVD.VI,Communication Services,Germany,6790424002.56,3163807088.6400003,0.947,632761417.728,379656850.63680005,1697606000.64,679042400.256,0.0,0.08,0.12,0.15,0.1,50,3163807088.6400003
COMPAGNIE FINANCIERE RICHEMONT SA,CFRUY,Consumer Cyclical,Switzerland,120586559488.0,21941000192.0,1.068,4388200038.400001,2632920023.04,30146639872.0,12058655948.8,0.0,0.08,0.12,0.15,0.1,50,21941000192.0
CANON INC.,7751.T,Technology,Japan,28174151607.9104,30985671881.5232,0.244,6197134376.304641,3718280625.782784,7043537901.9776,2817415160.7910404,0.0,0.08,0.12,0.15,0.1,50,30985671881.5232
ORBIS CORPORATION,8PO.F,Consumer Defensive,Japan,1792676689.92,1213791528.812544,0.39,242758305.76250884,145654983.4575053,448169172.48,179267668.992,0.0,0.08,0.12,0.15,0.1,50,183907807395.84003
SAMSON AG,1SO.F,Consumer Cyclical,Luxembourg,3296824934.4,3754835896.32,0.622,750967179.264,450580307.5584,824206233.6,329682493.44000006,0.0,0.08,0.12,0.15,0.1,50,3754835896.32
TELIA COMPANY AB,TELIA.ST,Communication Services,Sweden,16690231541.76,7693289963.52,0.262,1538657992.7040002,923194795.6224,4172557885.44,1669023154.176,0.0,0.08,0.12,0.15,0.1,50,7693289963.52
CLEAR CHANNEL PEOPLES INC,CCO,Communication Services,United States,1188893952.0,1569344000.0,2.343,313868800.0,188321280.0,297223488.0,118889395.2,0.0,0.08,0.12,0.15,0.1,50,1569344000.0
ALE HOLDING SA,ARE,Real Estate,United States,9219579904.0,3016924928.0,1.324,603384985.6,362030991.36,2304894976.0,921957990.4,0.0,0.08,0.12,0.15,0.1,50,3016924928.0
AGILENT TECHNOLOGIES INC.,A,Healthcare,United States,35077459968.0,6947999744.0,1.298,1389599948.8000002,833759969.28,8769364992.0,3507745996.8,0.0,0.08,0.12,0.15,0.1,50,6947999744.0
NOKIA OYJ,NOK,Technology,Finland,39990480896.0,19889000448.0,0.555,3977800089.6,2386680053.76,9997620224.0,3999048089.6,0.0,0.08,0.12,0.15,0.1,50,19889000448.0
EURONET WORLDWIDE INC.,EEFT,Technology,United States,2914327040.0,4244199936.0,0.791,848839987.2,509303992.32,728581760.0,291432704.0,0.0,0.08,0.12,0.15,0.1,50,4244199936.0
TRIPADVISOR INC.,TRIP,Consumer Cyclical,United States,1235136512.0,1891000064.0,0.934,378200012.8,226920007.68,308784128.0,123513651.2,0.0,0.08,0.12,0.15,0.1,50,1891000064.0
NIKE INC.,NKE,Consumer Cyclical,United States,94602715136.0,46513000448.0,1.279,9302600089.6,5581560053.76,23650678784.0,9460271513.6,0.0,0.08,0.12,0.15,0.1,50,46513000448.0
ACCOR SA,000028.SZ,Healthcare,China,2008754585.6,1431517908.1728003,0.309,2045025583.104,1227015349.8624,502188646.4,200875458.56000003,0.0,0.08,0.12,0.15,0.1,50,10225127915.52
FORTUNA GROUP AG,FSM,Basic Materials,Canada,3147214592.0,1256829056.0,1.684,251365811.2,150819486.72,786803648.0,314721459.2,0.0,0.08,0.12,0.15,0.1,50,1256829056.0
PUBG CORPORATION,PUBGY,Communication Services,France,21155452928.0,17398999040.0,0.602,3479799808.0,2087879884.8,5288863232.0,2115545292.8,0.0,0.08,0.12,0.15,0.1,50,17398999040.0
FORTUM OYJ,FORTUM.HE,Utilities,Finland,18993293475.84,5388120207.360001,0.272,1077624041.472,646574424.8832,4748323368.96,1899329347.584,0.0,0.08,0.12,0.15,0.1,50,5388120207.360001
PAYCHEX INC.,PAYX,Technology,United States,33488074752.0,6033900032.0,0.888,1206780006.4,724068003.8399999,8372018688.0,3348807475.2000003,0.0,0.08,0.12,0.15,0.1,50,6033900032.0
NESTLE SA,NESN.SW,Consumer Defensive,Switzerland,227691444305.92,101806876917.76,0.475,20361375383.552,12216825230.1312,56922861076.48,22769144430.592003,0.0,0.08,0.12,0.15,0.1,50,101806876917.76
ADECCO SA,1ADEN.MI,Industrials,Switzerland,4176377210.88,28065539034.3168,1.04,4967352041.472,2980411224.8832,1044094302.72,417637721.08800006,0.0,0.08,0.12,0.15,0.1,50,24836760207.36
ARCADIS NV,HIJ.MU,Industrials,Netherlands,3287422679.0400004,5330880000.0,0.658,1066176000.0,639705600.0,821855669.7600001,328742267.90400004,0.0,0.08,0.12,0.15,0.1,50,5330880000.0
BENCHMARK HOLDINGS PLC,BHE,Technology,United States,2095389568.0,2659108096.0,1.022,531821619.2000001,319092971.52,523847392.0,209538956.8,0.0,0.08,0.12,0.15,0.1,50,2659108096.0
AUCNET INC.,3964.T,Consumer Cyclical,Japan,683577674.1376001,429731312.4352,0.069,85946262.48704001,51567757.492224,170894418.53440002,68357767.41376,0.0,0.08,0.12,0.15,0.1,50,429731312.4352
ITOCHU CORPORATION,8001.T,Industrials,Japan,100872597012.48,98295953647.2064,,19659190729.44128,11795514437.664768,25218149253.120003,10087259701.248,0.0,0.08,0.12,0.15,0.1,50,98295953647.2064
COATS GROUP PLC,4TC.F,Consumer Cyclical,United Kingdom,2089599344.64,1622484034.5600002,1.282,324496806.91200006,194698084.1472,522399836.16,208959934.464,0.0,0.08,0.12,0.15,0.1,50,1622484034.5600002
"TRAVELERS COMPANIES INC., THE",TRV,Financial Services,United States,66655813632.0,48827998208.0,0.517,9765599641.6,5859359784.96,16663953408.0,6665581363.200001,0.0,0.08,0.12,0.15,0.1,50,48827998208.0
NUTANIX INC.,NTNX,Technology,United States,10978237440.0,2617547008.0,0.479,523509401.6,314105640.96,2744559360.0,1097823744.0,0.0,0.08,0.12,0.15,0.1,50,2617547008.0
HUNDSUN TECHNOLOGIES INC.,600570.SS,Technology,China,8061421240.320001,823650652.1600001,0.618,164730130.43200004,98838078.2592,2015355310.08,806142124.0320001,0.0,0.08,0.12,0.15,0.1,50,823650652.1600001
LOOMIS AB,LOOMIS.ST,Industrials,Sweden,2780820203.52,2890565079.04,0.434,578113015.808,346867809.4848,695205050.88,278082020.352,0.0,0.08,0.12,0.15,0.1,50,2890565079.04
LYFT INC.,LYFT,Technology,United States,5244189184.0,6316260864.0,1.904,1263252172.8,757951303.68,1311047296.0,524418918.4,0.0,0.08,0.12,0.15,0.1,50,6316260864.0
FEDEX CORPORATION,FDX,Industrials,United States,88400707584.0,90093002752.0,1.336,18018600550.4,10811160330.24,22100176896.0,8840070758.4,0.0,0.08,0.12,0.15,0.1,50,90093002752.0
DIEBOLD INC.,DBD,Technology,United States,2946666240.0,3805700096.0,1.552,761140019.2,456684011.52,736666560.0,294666624.0,0.0,0.08,0.12,0.15,0.1,50,3805700096.0
"IQIYI, INC.",IQ,Communication Services,China,1665918848.0,3795472629.76,0.058,759094525.9520001,3253262254.08,416479712.0,166591884.8,0.0,0.08,0.12,0.15,0.1,50,27110518784.0
PAYPAL HOLDINGS INC.,PYPL,Financial Services,United States,38399156224.0,33172000768.0,1.419,6634400153.6,3980640092.16,9599789056.0,3839915622.4,0.0,0.08,0.12,0.15,0.1,50,33172000768.0
XYLEM INC.,XYL,Industrials,United States,31448762368.0,9034999808.0,1.163,1806999961.6,1084199976.96,7862190592.0,3144876236.8,0.0,0.08,0.12,0.15,0.1,50,9034999808.0
HP INC.,HP,Energy,United States,3339733248.0,4085736960.0,0.543,817147392.0,490288435.2,834933312.0,333973324.8,0.0,0.08,0.12,0.15,0.1,50,4085736960.0
ROCHE HOLDING AG,ROG.SW,Healthcare,Switzerland,328991097487.36005,70958717992.96,0.201,14191743598.592005,8515046159.155201,82247774371.84001,32899109748.736008,0.0,0.08,0.12,0.15,0.1,50,70958717992.96
ZURICH INSURANCE GROUP AG,ZURN.SW,Financial Services,Switzerland,90955713085.44,78074076200.96,0.336,15614815240.192,9368889144.1152,22738928271.36,9095571308.544,0.0,0.08,0.12,0.15,0.1,50,78074076200.96
TELE2 AB,TEL2-B.ST,Communication Services,Sweden,12495627673.6,2839550085.12,0.364,567910017.024,340746010.2144,3123906918.4,1249562767.36,0.0,0.08,0.12,0.15,0.1,50,2839550085.12
SWISSCOM AG,0QKI.IL,Communication Services,Switzerland,41216050462.72,12426400071.68,0.177616,2485280014.336,1491168008.6016,10304012615.68,4121605046.272,0.0,0.08,0.12,0.15,0.1,50,12426400071.68
DOUGLAS HOLDING AG,DOU.F,Consumer Cyclical,Germany,1274732328.96,5418298176.3072,,994183151.616,596509890.9696,318683082.24,127473232.896,0.0,0.08,0.12,0.15,0.1,50,4970915758.08
DANA CORPORATION,DHR,Healthcare,United States,146328289280.0,24568000512.0,0.958,4913600102.400001,2948160061.44,36582072320.0,14632828928.0,0.0,0.08,0.12,0.15,0.1,50,24568000512.0
"TRADE DESK INC., THE",TTD,Communication Services,United States,12375144448.0,2790504960.0,1.091,558100992.0,334860595.2,3093786112.0,1237514444.8,0.0,0.08,0.12,0.15,0.1,50,2790504960.0
GENERAL DYNAMICS CORPORATION,GD,Industrials,United States,93179011072.0,52550000640.0,0.398,10510000128.0,6306000076.8,23294752768.0,9317901107.2,0.0,0.08,0.12,0.15,0.1,50,52550000640.0
APOGEE CORPORATION LTD,APGE,Healthcare,United States,4700432384.0,0.0,1.426,0.0,0.0,1175108096.0,470043238.4,0.0,0.08,0.12,0.15,0.1,50,0.0
VOLVO CAR AB,VOLCAR-B.ST,Consumer Cyclical,Sweden,7086056529.92,3258238705.33632,1.01,6787997302.784,4072798381.6704,1771514132.48,708605652.9920001,0.0,0.08,0.12,0.15,0.1,50,33939986513.92
KRONOS INC.,K1W.F,Basic Materials,United States,661670484.48,2013335930.88,1.108,402667186.17600006,241600311.7056,165417621.12,66167048.44800001,0.0,0.08,0.12,0.15,0.1,50,2013335930.88
FIVERR INC.,FVRR,Communication Services,Israel,521492608.0,427400992.0,1.271,85480198.4,51288119.04,130373152.0,52149260.8,0.0,0.08,0.12,0.15,0.1,50,427400992.0
SUN LIFE FINANCIAL INC.,SLF,Financial Services,Canada,37783289856.0,34879000576.0,0.817,6975800115.200001,4185480069.12,9445822464.0,3778328985.6,0.0,0.08,0.12,0.15,0.1,50,34879000576.0
WINGARC1ST INC.,4432.T,Technology,Japan,635012925.0304,198318243.6352,,39663648.72704,23798189.236224,158753231.2576,63501292.50304001,0.0,0.08,0.12,0.15,0.1,50,198318243.6352
SNP SCHNEIDER-NEUREITHER & PARTNER AG,SHF.F,Technology,Germany,644457461.76,307967408.64000005,1.441,61593481.728000015,36956089.036800005,161114365.44,64445746.176,0.0,0.08,0.12,0.15,0.1,50,307967408.64000005
HURON CONSULTING GROUP INC.,HURN,Industrials,United States,2246780416.0,1618977024.0,0.091,323795404.8,194277242.88,561695104.0,224678041.6,0.0,0.08,0.12,0.15,0.1,50,1618977024.0
FAGERHULT AB,2F0.F,Industrials,Sweden,698874670.08,0.0,1.088,0.0,0.0,174718667.52,69887467.008,0.0,0.08,0.12,0.15,0.1,50,0.0
VALEO SA,FR.PA,Consumer Cyclical,France,3422402979.84,24762401773.977604,1.248,4543559958.528001,2726135975.1168003,855600744.96,342240297.984,0.0,0.08,0.12,0.15,0.1,50,22717799792.640003
CASS INFORMATION SYSTEMS INC.,CC3.F,Industrials,United States,525445678.08,224017920.0,0.454,44803584.0,26882150.4,131361419.52,52544567.808000006,0.0,0.08,0.12,0.15,0.1,50,224017920.0
ITV PLC,IJ7.F,Communication Services,United Kingdom,3621254860.8,3751919861.76,0.88,750383972.3520001,450230383.4112,905313715.2,362125486.08,0.0,0.08,0.12,0.15,0.1,50,3751919861.76
ARM HOLDINGS PLC,ARM,Technology,United Kingdom,131549872128.0,4671000064.0,4.374,934200012.8,560520007.68,32887468032.0,13154987212.8,0.0,0.08,0.12,0.15,0.1,50,4671000064.0
ATEA ASA,ATEA.OL,Technology,Norway,1478354417.664,3513344000.0,0.782,702668800.0,421601280.0,369588604.416,147835441.7664,0.0,0.08,0.12,0.15,0.1,50,3513344000.0
TOMTOM NV,TOM2.AS,Technology,Netherlands,690419773.44,599064145.9200001,0.978,119812829.18400002,71887697.51040001,172604943.36,69041977.34400001,0.0,0.08,0.12,0.15,0.1,50,599064145.9200001
WEATHERNEWS INC.,WNWSF,Communication Services,Japan,669983488.0,158591397.888,0.248,31718279.5776,19030967.74656,167495872.0,66998348.8,0.0,0.08,0.12,0.15,0.1,50,24028999680.0
QIAGEN NV,QGEN,Healthcare,Netherlands,10077065216.0,2089998976.0,0.684,417999795.2000001,250799877.12,2519266304.0,1007706521.6,0.0,0.08,0.12,0.15,0.1,50,2089998976.0
ROKU INC.,ROKU,Communication Services,United States,12823376896.0,4737250816.0,1.99,947450163.2,568470097.92,3205844224.0,1282337689.6,0.0,0.08,0.12,0.15,0.1,50,4737250816.0
COHORT PLC,C7K.F,Industrials,United Kingdom,667290216.96,303070671.36,0.253,60614134.27200001,36368480.5632,166822554.24,66729021.69600001,0.0,0.08,0.12,0.15,0.1,50,303070671.36
MAXLINEAR INC.,MXL,Technology,United States,1689790592.0,467640992.0,1.708,93528198.4,56116919.04,422447648.0,168979059.20000002,0.0,0.08,0.12,0.15,0.1,50,467640992.0
NIPPON TELEGRAPH & TELEPHONE CORPORATION,NITT.VI,Communication Services,Japan,74558065213.44,100334021904.43315,-0.145,20066804380.88663,12040082628.531977,18639516303.36,7455806521.344001,0.0,0.08,0.12,0.15,0.1,50,15202124530974.72
YELP! INC.,YELP,Communication Services,United States,1286437376.0,1464955008.0,0.532,292991001.6,175794600.96,321609344.0,128643737.6,0.0,0.08,0.12,0.15,0.1,50,1464955008.0
MULPHA INTERNATIONAL BHD,3905.KL,Industrials,Malaysia,890978688.0,1242516992.0,-0.159,248503398.4,149102039.04,222744672.0,89097868.80000001,0.0,0.08,0.12,0.15,0.1,50,1242516992.0
XING AG,000862.SZ,Industrials,China,794214400.0000001,183505620.48,0.46,36701124.09600001,22020674.4576,198553600.00000003,79421440.00000001,0.0,0.08,0.12,0.15,0.1,50,183505620.48
DOVER CORPORATION,DOV,Industrials,United States,31936811008.0,8092571136.0,1.289,1618514227.2,971108536.32,7984202752.0,3193681100.8,0.0,0.08,0.12,0.15,0.1,50,8092571136.0
HC INTERNATIONAL INC.,HCC,Basic Materials,United States,4503685120.0,1311643008.0,0.695,262328601.6,157397160.96,1125921280.0,450368512.0,0.0,0.08,0.12,0.15,0.1,50,1311643008.0
DELUXE CORPORATION,DLX,Industrials,United States,1186627072.0,2133200000.0,1.367,426640000.0,255984000.0,296656768.0,118662707.2,0.0,0.08,0.12,0.15,0.1,50,2133200000.0
BLACKBAUD INC.,BNK.F,Technology,United States,1997493212.16,1218634260.48,1.099,243726852.096,146236111.2576,499373303.04,199749321.216,0.0,0.08,0.12,0.15,0.1,50,1218634260.48
FACTSET RESEARCH SYSTEMS INC.,FDS,Financial Services,United States,7018108928.0,2360701952.0,0.726,472140390.4,283284234.24,1754527232.0,701810892.8000001,0.0,0.08,0.12,0.15,0.1,50,2360701952.0
AMC ENTERTAINMENT HOLDINGS INC.,AMC,Communication Services,United States,634649792.0,4866999808.0,2.046,973399961.6,584039976.9599999,158662448.0,63464979.2,0.0,0.08,0.12,0.15,0.1,50,4866999808.0
GODADDY INC.,GDDY,Technology,United States,12481179648.0,4869799936.0,0.933,973959987.2,584375992.3199999,3120294912.0,1248117964.8,0.0,0.08,0.12,0.15,0.1,50,4869799936.0
BANCO BILBAO VIZCAYA ARGENTARIA SA,BBVA,Financial Services,Spain,131471441920.0,31211999232.0,0.968,6242399846.400001,3745439907.84,32867860480.0,13147144192.0,0.0,0.08,0.12,0.15,0.1,50,31211999232.0
CJ E&M CORPORATION,035760.KQ,Communication Services,South Korea,1177788776.448,3085138.1329920003,1.365,822703502.1312001,493622101.27872,294447194.112,117778877.6448,0.0,0.08,0.12,0.15,0.1,50,4113517510.656
FASTEN INC.,FAST,Industrials,United States,52890873856.0,8200500224.0,0.885,1640100044.8000002,984060026.88,13222718464.0,5289087385.6,0.0,0.08,0.12,0.15,0.1,50,8200500224.0
PALANTIR TECHNOLOGIES INC.,PLTR,Technology,United States,311395942400.0,4475445760.0,1.687,895089152.0,537053491.1999999,77848985600.0,31139594240.0,0.0,0.08,0.12,0.15,0.1,50,4475445760.0
PEUGEOT SA,SFFFF,Financial Services,France,2208245248.0,172998000.0,1.065,34599600.0,20759760.0,552061312.0,220824524.8,0.0,0.08,0.12,0.15,0.1,50,172998000.0
TERADATA CORPORATION,TDC,Technology,United States,3071249920.0,1663000064.0,0.544,332600012.8,199560007.68,767812480.0,307124992.0,0.0,0.08,0.12,0.15,0.1,50,1663000064.0
SEALED AIR CORPORATION,SEE,Consumer Cyclical,United States,6185388544.0,5331599872.0,1.358,1066319974.4,639791984.64,1546347136.0,618538854.4,0.0,0.08,0.12,0.15,0.1,50,5331599872.0
HASBRO INC.,HAS,Consumer Cyclical,United States,14408401920.0,4701300224.0,0.549,940260044.8,564156026.88,3602100480.0,1440840192.0,0.0,0.08,0.12,0.15,0.1,50,4701300224.0
EXLSERVICE HOLDINGS INC.,EXLS,Technology,United States,4884157440.0,2026489984.0,0.876,405297996.8,243178798.08,1221039360.0,488415744.0,0.0,0.08,0.12,0.15,0.1,50,2026489984.0
SEGA SAMMY HOLDINGS INC.,RYU.F,Communication Services,Japan,3189609308.1600003,3149606559.1541767,-0.158,629921311.8308352,377952787.09850115,797402327.0400001,318960930.81600004,0.0,0.08,0.12,0.15,0.1,50,477213115023.3601
GARTNER INC.,IT,Technology,United States,11244034048.0,6497226240.0,1.036,1299445248.0,779667148.8,2811008512.0,1124403404.8,0.0,0.08,0.12,0.15,0.1,50,6497226240.0
TIME WARNER INC.(OLD),T,Communication Services,United States,203892572160.0,125648003072.0,0.608,25129600614.4,15077760368.64,50973143040.0,20389257216.0,0.0,0.08,0.12,0.15,0.1,50,125648003072.0
SCOUT24 AG,G24.DE,Communication Services,Germany,5227712593.92,703185822.72,0.581,140637164.544,84382298.7264,1306928148.48,522771259.392,0.0,0.08,0.12,0.15,0.1,50,703185822.72
TRANSCOSMOS INC.,9715.T,Technology,Japan,981674329.7024,2605556203.52,0.147,521111240.704,312666744.4224,245418582.4256,98167432.97024,0.0,0.08,0.12,0.15,0.1,50,2605556203.52
TELEDYNE TECHNOLOGIES INC.,TDY,Technology,United States,30570256384.0,6115400192.0,1.014,1223080038.4,733848023.04,7642564096.0,3057025638.4,0.0,0.08,0.12,0.15,0.1,50,6115400192.0
QORVO INC.,QRVO,Technology,United States,7801646592.0,3739714048.0,1.369,747942809.6,448765685.76,1950411648.0,780164659.2,0.0,0.08,0.12,0.15,0.1,50,3739714048.0
JOHNSON OUTDOORS MARINE ELECTRONICS INC.,JOUT,Consumer Cyclical,United States,517112608.0,625700992.0,0.895,125140198.4,75084119.03999999,129278152.0,51711260.8,0.0,0.08,0.12,0.15,0.1,50,625700992.0
DAKTRONICS INC.,DAKT,Technology,United States,1330323072.0,770283008.0,1.722,154056601.6,92433960.96,332580768.0,133032307.2,0.0,0.08,0.12,0.15,0.1,50,770283008.0
KDDI CORPORATION,DIP.F,Communication Services,Japan,60317827891.200005,42949056984.514565,-0.05,8589811396.902912,5153886838.141747,15079456972.8,6031782789.120001,0.0,0.08,0.12,0.15,0.1,50,6507432876441.601
AIRBUS GROUP SE,AIR.PA,Industrials,Netherlands,167522142781.44,77924158341.12001,0.867,15584831668.224005,9350899000.9344,41880535695.36,16752214278.144,0.0,0.08,0.12,0.15,0.1,50,77924158341.12001
CARGOTEC OYJ,CYJBF,Industrials,Finland,5393114112.0,1556000000.0,1.109,311200000.0,186720000.0,1348278528.0,539311411.2,0.0,0.08,0.12,0.15,0.1,50,1556000000.0
UDEMY INC.,UDMY,Consumer Defensive,United States,697485248.0,789843968.0,1.717,157968793.6,94781276.16,174371312.0,69748524.8,0.0,0.08,0.12,0.15,0.1,50,789843968.0
VERIFONE SYSTEMS INC.,PAY,Technology,United States,2914958336.0,1123926016.0,1.487,224785203.2,134871121.92,728739584.0,291495833.6,0.0,0.08,0.12,0.15,0.1,50,1123926016.0
BIOMERIEUX SA,BIM.PA,Healthcare,France,11794914385.92,4451543930.88,0.663,890308786.1760001,534185271.7056,2948728596.48,1179491438.592,0.0,0.08,0.12,0.15,0.1,50,4451543930.88
NCC GROUP PLC,NCGB.F,Industrials,Sweden,2112315217.92,0.0,1.268,0.0,0.0,528078804.48,211231521.79200003,0.0,0.08,0.12,0.15,0.1,50,0.0
GLOBAL DOMINION ACCESS SA,G08.F,Technology,Spain,528621189.12000006,1307296834.5600002,0.62,261459366.9120001,156875620.14720002,132155297.28000002,52862118.91200001,0.0,0.08,0.12,0.15,0.1,50,1307296834.5600002
ARMOUR GROUP PLC,ARR,Real Estate,United States,1999320832.0,116798000.0,1.431,23359600.0,14015760.0,499830208.0,199932083.2,0.0,0.08,0.12,0.15,0.1,50,116798000.0
TELEVISION FRANCAISE 1 SA,TFIP.XC,Communication Services,France,1608551516.16,2504411965.44,,500882393.08800006,300529435.8528,402137879.04,160855151.61600003,0.0,0.08,0.12,0.15,0.1,50,2504411965.44
MERCURY COMPUTER SYSTEMS INC.,MRCY,Industrials,United States,4974912512.0,942545024.0,0.769,188509004.8,113105402.88,1243728128.0,497491251.2000001,0.0,0.08,0.12,0.15,0.1,50,942545024.0
JOHNSON ELECTRIC INTERNATIONAL AG,0179.HK,Consumer Cyclical,Hong Kong,3241436774.4,464245882.88,1.227,92849176.576,55709505.9456,810359193.6,324143677.44000006,0.0,0.08,0.12,0.15,0.1,50,464245882.88
SARTORIUS AG,56S1.F,Healthcare,France,17878209822.72,3182327930.88,1.246,636465586.176,381879351.7056,4469552455.68,1787820982.2720003,0.0,0.08,0.12,0.15,0.1,50,3182327930.88
RAMBUS INC.,RMBS,Technology,United States,10861898752.0,707630016.0,1.519,141526003.20000002,84915601.92,2715474688.0,1086189875.2,0.0,0.08,0.12,0.15,0.1,50,707630016.0
STUBHUB INC.,STUB,Communication Services,United States,3225722624.0,1829430016.0,,365886003.2000001,219531601.92,806430656.0,322572262.40000004,0.0,0.08,0.12,0.15,0.1,50,1829430016.0
AMADEUS IT HOLDING SA,AMS.MC,Technology,Spain,21647855370.24,6951312138.240001,0.605,1390262427.6480002,834157456.5888001,5411963842.56,2164785537.024,0.0,0.08,0.12,0.15,0.1,50,6951312138.240001
RHB BANK BHD,1066.KL,Financial Services,Malaysia,35244265472.0,8376120832.0,0.129,1675224166.4,1005134499.84,8811066368.0,3524426547.2000003,0.0,0.08,0.12,0.15,0.1,50,8376120832.0
FNAC SA,FNAC.PA,Consumer Cyclical,France,1112851077.12,10998932270.2848,1.282,2018152710.1440003,1210891626.0864,278212769.28000003,111285107.712,0.0,0.08,0.12,0.15,0.1,50,10090763550.72
JD.COM INC.,JDCO34.SA,Consumer Cyclical,China,42118001459.200005,36506034503.68,0.414,52151477862.4,31290886717.44,10529500364.8,4211800145.920001,0.0,0.08,0.12,0.15,0.1,50,260757389312.0
TIME DOTCOM BHD,5031.KL,Communication Services,Malaysia,11055935488.0,1758616960.0,0.074,351723392.0,211034035.2,2763983872.0,1105593548.8,0.0,0.08,0.12,0.15,0.1,50,1758616960.0
LONDON STOCK EXCHANGE GROUP PLC,LS4C.DE,Financial Services,United Kingdom,47877537300.48,9872280207.36,0.36,1974456041.472,1184673624.8832,11969384325.12,4787753730.048,0.0,0.08,0.12,0.15,0.1,50,9872280207.36
AUBAY SA,BAQ.F,Technology,France,660165189.12,580197565.44,0.998,116039513.088,69623707.85280001,165041297.28,66016518.912,0.0,0.08,0.12,0.15,0.1,50,580197565.44
HCI GROUP INC.,HCI,Financial Services,United States,2061652864.0,816577984.0,1.208,163315596.8,97989358.08,515413216.0,206165286.4,0.0,0.08,0.12,0.15,0.1,50,816577984.0
AVNET INC.,AVT,Technology,United States,5353437184.0,23150745600.0,0.936,4630149120.0,2778089472.0,1338359296.0,535343718.4,0.0,0.08,0.12,0.15,0.1,50,23150745600.0
NEOSEM HOLDINGS INC.,253590.KQ,Technology,South Korea,510945017.856,56257179.648,1.778,11251435.9296,6750861.55776,127736254.464,51094501.78560001,0.0,0.08,0.12,0.15,0.1,50,56257179.648
ALCATEL SA,ALCTL.IS,Technology,Turkey,5669663232.0,5112385536.0,0.764,1022477107.2,613486264.3199999,1417415808.0,566966323.2,0.0,0.08,0.12,0.15,0.1,50,5112385536.0
AIR LIQUIDE SA,AI.PA,Basic Materials,France,106272533053.44,29593512345.6,0.702,5918702469.120001,3551221481.472,26568133263.36,10627253305.344002,0.0,0.08,0.12,0.15,0.1,50,29593512345.6
ING GROEP NV,INGA.AS,Financial Services,Netherlands,76577006223.36,23468400967.68,0.886,4693680193.536,2816208116.1216,19144251555.84,7657700622.336,0.0,0.08,0.12,0.15,0.1,50,23468400967.68
BOKU INC.,B04.F,Technology,United States,734425712.6400001,124552080.0,0.012,24910416.000000004,14946249.6,183606428.16000003,73442571.26400001,0.0,0.08,0.12,0.15,0.1,50,124552080.0
PROSIEBENSAT1 MEDIA SE,1PSM.MI,Communication Services,Germany,1144854881.28,4446284324.659201,1.189,815831986.1760001,489499191.7056,286213720.32,114485488.128,0.0,0.08,0.12,0.15,0.1,50,4079159930.88
CIRRUS LOGIC INC.,CRUS,Technology,United States,7311123968.0,1973312000.0,1.136,394662400.0,236797440.0,1827780992.0,731112396.8000001,0.0,0.08,0.12,0.15,0.1,50,1973312000.0
ABBOTT LABORATORIES INC.,ABT,Healthcare,United States,195314319360.0,44328001536.0,0.751,8865600307.2,5319360184.32,48828579840.0,19531431936.0,0.0,0.08,0.12,0.15,0.1,50,44328001536.0
KONTRON AG,KTN.F,Technology,Austria,1576344084.48,1842063068.16,0.271,368412613.632,221047568.1792,394086021.12,157634408.448,0.0,0.08,0.12,0.15,0.1,50,1842063068.16
PERSISTENT SYSTEMS INC.,PERSISTENT.BO,Technology,India,10560624132.096,1672154972.16,0.258,334430994.43200004,200658596.6592,2640156033.024,1056062413.2096,0.0,0.08,0.12,0.15,0.1,50,1672154972.16
GLOBALFOUNDRIES INC.,GFS,Technology,United States,26692171776.0,6791000064.0,1.493,1358200012.8000002,814920007.68,6673042944.0,2669217177.6000004,0.0,0.08,0.12,0.15,0.1,50,6791000064.0
STRAUMANN HOLDING AG,STMN.SW,Healthcare,Switzerland,17201301913.600002,2888330977.28,1.506,577666195.4560001,346599717.27360004,4300325478.400001,1720130191.3600004,0.0,0.08,0.12,0.15,0.1,50,2888330977.28
TIVO INC.,6YE.F,Consumer Cyclical,Denmark,523728357.12,1421712000.0,0.36,284342400.0,170605440.0,130932089.28,52372835.712000005,0.0,0.08,0.12,0.15,0.1,50,1421712000.0
MATCH GROUP INC.,MTCH,Communication Services,United States,7134518784.0,3487196928.0,1.315,697439385.6,418463631.36,1783629696.0,713451878.4000001,0.0,0.08,0.12,0.15,0.1,50,3487196928.0
SPRINKLR INC.,CXM,Technology,United States,1355540352.0,839147008.0,0.767,167829401.60000002,100697640.96,338885088.0,135554035.20000002,0.0,0.08,0.12,0.15,0.1,50,839147008.0
EMCOR HOLDINGS INC.,EME,Industrials,United States,35645042688.0,16243319808.0,1.161,3248663961.6000004,1949198376.96,8911260672.0,3564504268.8,0.0,0.08,0.12,0.15,0.1,50,16243319808.0
CORNING INC.,GLW,Technology,United States,113532272640.0,15628999680.0,1.124,3125799936.0,1875479961.6,28383068160.0,11353227264.0,0.0,0.08,0.12,0.15,0.1,50,15628999680.0
SKY PLC,SKY,Consumer Cyclical,United States,5367702016.0,2636228096.0,1.055,527245619.2000001,316347371.52,1341925504.0,536770201.6,0.0,0.08,0.12,0.15,0.1,50,2636228096.0
DOCUSIGN INC.,DOCU,Technology,United States,8912137216.0,3158892032.0,1.008,631778406.4,379067043.84,2228034304.0,891213721.6,0.0,0.08,0.12,0.15,0.1,50,3158892032.0
NXP SEMICONDUCTORS NV,NXPI,Technology,Netherlands,61602938880.0,12268999680.0,1.458,2453799936.0,1472279961.6,15400734720.0,6160293888.0,0.0,0.08,0.12,0.15,0.1,50,12268999680.0
IHS INC.,IHS,Real Estate,United Kingdom,2729465088.0,1765825024.0,0.858,353165004.8,211899002.88,682366272.0,272946508.8,0.0,0.08,0.12,0.15,0.1,50,1765825024.0
FOXIT CORPORATION,688095.SS,Technology,China,1187582484.48,122951592.96,0.919,24590318.592000004,14754191.1552,296895621.12,118758248.448,0.0,0.08,0.12,0.15,0.1,50,122951592.96
VEEVA SYSTEMS INC.,VEEV,Healthcare,United States,29100519424.0,3080246016.0,1.077,616049203.2,369629521.92,7275129856.0,2910051942.4,0.0,0.08,0.12,0.15,0.1,50,3080246016.0
CAC CORPORATION,CAC,Financial Services,United States,861108928.0,233488992.0,0.65,46697798.400000006,28018679.04,215277232.0,86110892.80000001,0.0,0.08,0.12,0.15,0.1,50,233488992.0
BLACKROCK INC.,BLK,Financial Services,United States,165553012736.0,24216000512.0,1.488,4843200102.400001,2905920061.44,41388253184.0,16555301273.6,0.0,0.08,0.12,0.15,0.1,50,24216000512.0
SILICON LABORATORIES INC.,SLAB,Technology,United States,6804081152.0,784764032.0,1.536,156952806.4,94171683.84,1701020288.0,680408115.2,0.0,0.08,0.12,0.15,0.1,50,784764032.0
"CAPITA GROUP PLC, THE",CNI.AX,Real Estate,Australia,1092982049.28,298379389.44,1.518,59675877.888,35805526.7328,273245512.32,109298204.928,0.0,0.08,0.12,0.15,0.1,50,298379389.44
ADIDAS AG,ADS.DE,Consumer Cyclical,Germany,30168725667.84,26676000276.480003,1.184,5335200055.296001,3201120033.1776004,7542181416.96,3016872566.7840004,0.0,0.08,0.12,0.15,0.1,50,26676000276.480003
ACUITY BRANDS LIGHTING INC.,AYI,Industrials,United States,9481332736.0,4537699840.0,1.503,907539968.0,544523980.8,2370333184.0,948133273.6,0.0,0.08,0.12,0.15,0.1,50,4537699840.0
ZEGONA COMMUNICATIONS PLC,1ZG.F,Communication Services,United Kingdom,4813205483.52,3236768501.76,3.926,647353700.3520001,388412220.2112,1203301370.88,481320548.35200006,0.0,0.08,0.12,0.15,0.1,50,3236768501.76
TECHNOLOGY INTEGRATION GROUP INC.,603163.SS,Industrials,China,1805860044.8,374842531.84,0.858,74968506.36800002,44981103.8208,451465011.2000001,180586004.48,0.0,0.08,0.12,0.15,0.1,50,374842531.84
DENTSU INC.,DEN.F,Communication Services,Japan,4634989516.8,10230426029.2608,0.255,2046085205.8521602,1227651123.511296,1158747379.2,463498951.68000007,0.0,0.08,0.12,0.15,0.1,50,1550064549888.0
CORIN GROUP PLC,MHZ.F,Energy,Greece,4074641971.2,12199020871.68,0.252,2439804174.336,1463882504.6016,1018660492.8,407464197.12000006,0.0,0.08,0.12,0.15,0.1,50,12199020871.68
GUNGHO ONLINE ENTERTAINMENT INC.,G03.F,Communication Services,Japan,788231900.1600001,664628971.4380801,-0.151,132925794.28761598,79755476.5725696,197057975.04,78823190.01600002,0.0,0.08,0.12,0.15,0.1,50,100701359308.8
TOM'S PLANNER NV,TOM.OL,Industrials,Norway,3298744328.192,123892000.0,1.488,24778400.0,14867040.0,824686082.048,329874432.81920004,0.0,0.08,0.12,0.15,0.1,50,123892000.0
INMAR INC.,9521.SR,Real Estate,Saudi Arabia,719294592.0,157605152.0,0.037,31521030.4,18912618.24,179823648.0,71929459.2,0.0,0.08,0.12,0.15,0.1,50,157605152.0
EXPEDIA INC.,EXPE,Consumer Cyclical,United States,24685875200.0,14732999680.0,1.382,2946599936.0,1767959961.6,6171468800.0,2468587520.0,0.0,0.08,0.12,0.15,0.1,50,14732999680.0
ZILLOW INC.,ZG,Communication Services,United States,10871482368.0,2583000064.0,2.015,516600012.8,309960007.68,2717870592.0,1087148236.8,0.0,0.08,0.12,0.15,0.1,50,2583000064.0
IMMERSION CORPORATION,BMNR,Financial Services,United States,9088151552.0,7187000.0,1.241,1437400.0,862440.0,2272037888.0,908815155.2,0.0,0.08,0.12,0.15,0.1,50,7187000.0
GROUPON INC.,GRPN,Communication Services,United States,504544480.0,496092992.0,-0.05,99218598.4,59531159.04,126136120.0,50454448.0,0.0,0.08,0.12,0.15,0.1,50,496092992.0
SK HYNIX INC.,000660.KS,Technology,South Korea,455700476067.84,72860005564.416,1.7,14572001112.883202,8743200667.72992,113925119016.96,45570047606.784,0.0,0.08,0.12,0.15,0.1,50,72860005564.416
GOOD TECHNOLOGY CORPORATION,603160.SS,Technology,China,5127071989.76,654245007.36,0.515,130849001.472,78509400.8832,1281767997.44,512707198.9760001,0.0,0.08,0.12,0.15,0.1,50,654245007.36
GREAT CHINA MANIA HOLDINGS INC.,002453.SZ,Basic Materials,China,692624199.6800001,48819657.6,0.275,9763931.52,5858358.912,173156049.92000002,69262419.96800001,0.0,0.08,0.12,0.15,0.1,50,48819657.6
MK2 SA,MK2A.F,Industrials,Japan,9380988518.400002,5369900409.815041,0.639,1073980081.963008,644388049.1778048,2345247129.6000004,938098851.8400002,0.0,0.08,0.12,0.15,0.1,50,813621274214.4
GE HEALTHCARE INC.,GEHC,Healthcare,United States,37268938752.0,20625000448.0,1.231,4125000089.6,2475000053.76,9317234688.0,3726893875.2,0.0,0.08,0.12,0.15,0.1,50,20625000448.0
PARSONS CORPORATION,PSN,Technology,United States,6652187648.0,6364244992.0,0.665,1272848998.4,763709399.04,1663046912.0,665218764.8000001,0.0,0.08,0.12,0.15,0.1,50,6364244992.0
BARCO SA/NV,BAR.BR,Technology,Belgium,1001213568.0,1040949342.72,0.679,208189868.54400003,124913921.1264,250303392.00000003,100121356.8,0.0,0.08,0.12,0.15,0.1,50,1040949342.72
LOCKHEED MARTIN CORPORATION,LMT,Industrials,United States,151204577280.0,75048001536.0,0.23,15009600307.2,9005760184.32,37801144320.0,15120457728.0,0.0,0.08,0.12,0.15,0.1,50,75048001536.0
OMNICOM GROUP INC.,OCN.DE,Communication Services,United States,20048316825.6,17350524518.4,0.744,3470104903.6800003,2082062942.208,5012079206.400001,2004831682.5600004,0.0,0.08,0.12,0.15,0.1,50,17350524518.4
"MCGRAW-HILL COMPANIES INC., THE",MH,Consumer Defensive,United States,2656831232.0,2112321024.0,,422464204.8,253478522.88,664207808.0,265683123.2,0.0,0.08,0.12,0.15,0.1,50,2112321024.0
ECHOSTAR CORPORATION,SATS,Communication Services,United States,32656691200.0,15175913472.0,1.014,3035182694.4,1821109616.64,8164172800.0,3265669120.0,0.0,0.08,0.12,0.15,0.1,50,15175913472.0
HENRY SCHEIN INC.,HS2.F,Healthcare,United States,8538691092.48,13973040414.72,0.893,2794608082.944,1676764849.7664,2134672773.12,853869109.2480001,0.0,0.08,0.12,0.15,0.1,50,13973040414.72
PSI AG,PSIX,Industrials,United States,2143935616.0,675481024.0,2.063,135096204.8,81057722.88,535983904.0,214393561.6,0.0,0.08,0.12,0.15,0.1,50,675481024.0
U-BLOX HOLDING AG,UBXN.SW,Technology,Switzerland,1167382702.0800002,327575377.92,0.495,65515075.58400001,39309045.3504,291845675.52000004,116738270.20800002,0.0,0.08,0.12,0.15,0.1,50,327575377.92
YEXT INC.,YEXT,Technology,United States,676746304.0,447665984.0,0.977,89533196.80000001,53719918.08,169186576.0,67674630.4,0.0,0.08,0.12,0.15,0.1,50,447665984.0
DROPBOX INC.,DBX,Technology,United States,6321111040.0,2528399872.0,0.63,505679974.4,303407984.64,1580277760.0,632111104.0,0.0,0.08,0.12,0.15,0.1,50,2528399872.0
INNODATA INC.,INOD,Technology,United States,1335929728.0,238467008.0,2.417,47693401.6,28616040.96,333982432.0,133592972.8,0.0,0.08,0.12,0.15,0.1,50,238467008.0
SUMITOMO CORPORATION,SSUMY,Industrials,Japan,51554062336.0,48543573737.472,,9708714747.4944,5825228848.49664,12888515584.0,5155406233.6,0.0,0.08,0.12,0.15,0.1,50,7355086929920.0
VITROLIFE AB,VTFN.F,Healthcare,Sweden,1194400373.76,0.0,2.057,0.0,0.0,298600093.44,119440037.376,0.0,0.08,0.12,0.15,0.1,50,0.0
SHAW HOLDINGS INC.,Z9W.F,Financial Services,United Kingdom,2862437529.6000004,654048000.0,,130809600.0,78485760.0,715609382.4000001,286243752.96000004,0.0,0.08,0.12,0.15,0.1,50,654048000.0
COLUMBUS INTERNATIONAL INC.,CMCO,Industrials,United States,572904896.0,1002510976.0,1.305,200502195.2,120301317.12,143226224.0,57290489.6,0.0,0.08,0.12,0.15,0.1,50,1002510976.0
ACI WORLDWIDE INC.,ACIW,Technology,United States,4160704256.0,1731219968.0,1.058,346243993.6,207746396.16,1040176064.0,416070425.6,0.0,0.08,0.12,0.15,0.1,50,1731219968.0
PROGRESS SOFTWARE CORPORATION,PRGS,Technology,United States,1498332288.0,977830976.0,0.578,195566195.2,117339717.12,374583072.0,149833228.8,0.0,0.08,0.12,0.15,0.1,50,977830976.0
VINCI SA,DG.PA,Industrials,France,82320048783.36,81758161797.12001,0.738,16351632359.424004,9810979415.654402,20580012195.84,8232004878.336,0.0,0.08,0.12,0.15,0.1,50,81758161797.12001
TEXTRON INC.,TXT,Industrials,United States,17395343360.0,14798999552.0,0.978,2959799910.4,1775879946.24,4348835840.0,1739534336.0,0.0,0.08,0.12,0.15,0.1,50,14798999552.0
LAND O'LAKES INC.,3081.TWO,Technology,Taiwan,3111956504.576,68287478.528,2.235,13657495.7056,8194497.423359999,777989126.144,311195650.45760006,0.0,0.08,0.12,0.15,0.1,50,68287478.528
OCLC INC.,OCLCF,Technology,Japan,7690478592.0,1801087215.2064,-0.133,360217443.04128003,216130465.824768,1922619648.0,769047859.2,0.0,0.08,0.12,0.15,0.1,50,272892002304.0
WATERS CORPORATION,WAT,Healthcare,United States,30650034176.0,3165285888.0,1.178,633057177.6,379834306.56,7662508544.0,3065003417.6000004,0.0,0.08,0.12,0.15,0.1,50,3165285888.0
TKH GROUP NV,TKH.F,Industrials,United States,6831896555.52,4948343930.88,1.208,989668786.176,593801271.7056,1707974138.88,683189655.552,0.0,0.08,0.12,0.15,0.1,50,4948343930.88
BARCLAYS PLC,BARC.L,Financial Services,United Kingdom,830436173.4144,340588611.3792,0.854,68117722.27584,40870633.365504,207609043.3536,83043617.34144,0.0,0.08,0.12,0.15,0.1,50,340588611.3792
AKER SOLUTIONS ASA,AKSO.OL,Energy,Norway,1719636926.464,545894178.250752,-0.074,1173965974.7328,704379584.83968,429909231.616,171963692.6464,0.0,0.08,0.12,0.15,0.1,50,5869829873.664
TOSHIBA CORPORATION,TECA.F,Technology,Japan,938524838.4,3929958638.4199677,,785991727.6839936,471595036.61039615,234631209.6,93852483.84000002,0.0,0.08,0.12,0.15,0.1,50,595448278548.48
COPART INC.,CPRT,Industrials,United States,35656929280.0,4655158784.0,1.083,931031756.8,558619054.0799999,8914232320.0,3565692928.0,0.0,0.08,0.12,0.15,0.1,50,4655158784.0
SOPRA GROUP SA,SPSAF,Technology,France,4351444480.0,5671099904.0,0.936,1134219980.8,680531988.48,1087861120.0,435144448.0,0.0,0.08,0.12,0.15,0.1,50,5671099904.0
OLD MUTUAL PLC,ODMUF,Financial Services,South Africa,3093332480.0,5918384947.2,0.74,1183676989.44,710206193.6639999,773333120.0,309333248.0,0.0,0.08,0.12,0.15,0.1,50,107606999040.0
AEGIS GROUP PLC,AEGISVOPAK.NS,Energy,India,2919380484.096,85037721.60000001,,17007544.320000004,10204526.592,729845121.024,291938048.4096,0.0,0.08,0.12,0.15,0.1,50,85037721.60000001
METSO OYJ,METSO.HE,Industrials,Finland,14692587356.160002,5659200000.0,1.167,1131840000.0,679104000.0,3673146839.04,1469258735.6160002,0.0,0.08,0.12,0.15,0.1,50,5659200000.0
FAB INC.,FN,Technology,Cayman Islands,17438177280.0,3892506880.0,1.028,778501376.0,467100825.6,4359544320.0,1743817728.0,0.0,0.08,0.12,0.15,0.1,50,3892506880.0
MARKETAXESS HOLDINGS INC.,MKTX,Financial Services,United States,6700352000.0,846268032.0,0.96,169253606.4,101552163.84,1675088000.0,670035200.0,0.0,0.08,0.12,0.15,0.1,50,846268032.0
STEPSTONE ASA,STEP,Financial Services,United States,6986063872.0,1782752000.0,1.316,356550400.0,213930240.0,1746515968.0,698606387.2,0.0,0.08,0.12,0.15,0.1,50,1782752000.0
1&1 INTERNET AG,PMT.AX,Basic Materials,Canada,578324524.8000001,0.0,0.327,0.0,0.0,144581131.20000002,57832452.48000001,0.0,0.08,0.12,0.15,0.1,50,0.0
NASDAQ OMX CORPORATE SOLUTIONS INC.,NDAQ,Financial Services,United States,45536886784.0,8262000128.0,1.024,1652400025.6,991440015.36,11384221696.0,4553688678.400001,0.0,0.08,0.12,0.15,0.1,50,8262000128.0
ALSTOM SA,ALO.PA,Industrials,France,14660395130.88,20274840207.36,1.272,4054968041.472,2432980824.8832,3665098782.72,1466039513.0880003,0.0,0.08,0.12,0.15,0.1,50,20274840207.36
JUNGHEINRICH AG,JUN3.F,Industrials,Germany,3919493007.36,5915034685.440001,1.9,1183006937.088,709804162.2528,979873251.84,391949300.73600006,0.0,0.08,0.12,0.15,0.1,50,5915034685.440001
CALIX INC.,CALX,Technology,United States,3487467776.0,1000009984.0,1.521,200001996.8,120001198.08,871866944.0,348746777.6,0.0,0.08,0.12,0.15,0.1,50,1000009984.0
NORTHROP GRUMMAN CORPORATION,NOC,Industrials,United States,100525588480.0,41954000896.0,0.039,8390800179.200001,5034480107.52,25131397120.0,10052558848.0,0.0,0.08,0.12,0.15,0.1,50,41954000896.0
VIRTU FINANCIAL INC.,VIRT,Financial Services,United States,8270127104.0,2845300992.0,0.61,569060198.4,341436119.04,2067531776.0,827012710.4000001,0.0,0.08,0.12,0.15,0.1,50,2845300992.0
PERFORM GROUP PLC,PFGC,Consumer Defensive,United States,15444400128.0,62365798400.0,0.913,12473159680.0,7483895808.0,3861100032.0,1544440012.8000002,0.0,0.08,0.12,0.15,0.1,50,62365798400.0
CARE.COM INC.,EPC,Consumer Defensive,United States,1021458560.0,2231200000.0,0.628,446240000.0,267744000.0,255364640.0,102145856.0,0.0,0.08,0.12,0.15,0.1,50,2231200000.0
POWERTECH GROUP INC.,301369.SZ,Industrials,China,1287634145.2800002,44671683.84,0.385,8934336.768000001,5360602.0608,321908536.32000005,128763414.52800004,0.0,0.08,0.12,0.15,0.1,50,44671683.84
AUCTIONS INTERNATIONAL INC.,ACVA,Consumer Cyclical,United States,1149617792.0,735475008.0,1.628,147095001.6,88257000.96,287404448.0,114961779.2,0.0,0.08,0.12,0.15,0.1,50,735475008.0
E-COMMERCE INDUSTRIES INC.,002640.SZ,Consumer Cyclical,China,863778119.6800001,775403345.9200001,-0.219,155080669.18400002,93048401.5104,215944529.92,86377811.96800001,0.0,0.08,0.12,0.15,0.1,50,775403345.9200001
LEGRAND SA,LRC.F,Industrials,France,42430350458.880005,10239047516.16,0.889,2047809503.232,1228685701.9392,10607587614.72,4243035045.888001,0.0,0.08,0.12,0.15,0.1,50,10239047516.16
TMX GROUP INC.,X.TO,Financial Services,Canada,9239543480.32,1270728000.0,0.157,254145600.0,152487360.0,2309885870.08,923954348.032,0.0,0.08,0.12,0.15,0.1,50,1270728000.0
SECTRA AB,61L0.F,Healthcare,Sweden,3435415511.0400004,0.0,1.141,0.0,0.0,858853877.7600001,343541551.1040001,0.0,0.08,0.12,0.15,0.1,50,0.0
CURTISS-WRIGHT CORPORATION,CW,Industrials,United States,25336924160.0,3498372096.0,0.925,699674419.2,419804651.52,6334231040.0,2533692416.0,0.0,0.08,0.12,0.15,0.1,50,3498372096.0
ITRON INC.,ITRI,Technology,United States,4442733056.0,2408400896.0,1.43,481680179.2000001,289008107.52,1110683264.0,444273305.6,0.0,0.08,0.12,0.15,0.1,50,2408400896.0
INTELLIGENT COMMUNICATION ENTERPRISE CORPORATION,300058.SZ,Communication Services,China,9549988904.96,9306124943.36,1.444,1861224988.672,1116734993.2032,2387497226.24,954998890.4960002,0.0,0.08,0.12,0.15,0.1,50,9306124943.36
TAG IMMOBILIEN AG,TEG.DE,Real Estate,Germany,3381382748.1600003,1018718622.72,1.319,203743724.54400003,122246234.7264,845345687.0400001,338138274.81600004,0.0,0.08,0.12,0.15,0.1,50,1018718622.72
RHB CAPITAL BHD,RHBAF,Financial Services,Malaysia,5291213312.0,0.0,0.0,0.0,0.0,1322803328.0,529121331.2000001,0.0,0.08,0.12,0.15,0.1,50,0.0
MATTEL INC.,MAT,Consumer Cyclical,United States,5535396352.0,5347599872.0,0.686,1069519974.4,641711984.64,1383849088.0,553539635.2,0.0,0.08,0.12,0.15,0.1,50,5347599872.0
TVN SA,TVN.AX,Basic Materials,Australia,649115723.52,45540.0,0.984,9108.0,5464.8,162278930.88,64911572.352,0.0,0.08,0.12,0.15,0.1,50,45540.0
MASA GROUP SA,MSN11.BK,Industrials,Vietnam,136639012864.0,0.0,1.001,0.0,0.0,34159753216.0,13663901286.400002,0.0,0.08,0.12,0.15,0.1,50,0.0
NETSCOUT SYSTEMS INC.,NSZ.F,Technology,United States,1996930022.4,930348702.72,0.643,186069740.54400003,111641844.3264,499232505.6,199693002.24,0.0,0.08,0.12,0.15,0.1,50,930348702.72
SILICON GRAPHICS INTERNATIONAL CORPORATION,SGI,Consumer Cyclical,United States,18832916480.0,6816000000.0,1.281,1363200000.0,817920000.0,4708229120.0,1883291648.0,0.0,0.08,0.12,0.15,0.1,50,6816000000.0
HTC CORPORATION,HTCI.NE,Industrials,Japan,43391716966.4,50177944949.09645,0.379,10035588989.81929,6021353393.891573,10847929241.6,4339171696.64,0.0,0.08,0.12,0.15,0.1,50,7602718931681.28
FINANCIAL SOFTWARE SYSTEMS INC.,A9F.F,Technology,United Kingdom,678987532.8000001,129708000.0,-0.042,25941600.000000004,15564960.000000002,169746883.20000002,67898753.28000002,0.0,0.08,0.12,0.15,0.1,50,129708000.0
PRA INTERNATIONAL INC.,PRA,Financial Services,United States,1255264128.0,1120385024.0,0.051,224077004.8,134446202.88,313816032.0,125526412.8,0.0,0.08,0.12,0.15,0.1,50,1120385024.0
PICS INC.,PICS,Technology,Brazil,1771461760.0,1810018099.2,,1810018099.2,1086010859.52,442865440.0,177146176.0,0.0,0.08,0.12,0.15,0.1,50,9050090496.0
HEIDELBERGER DRUCKMASCHINEN AG,HDD.F,Industrials,Germany,511885198.08,2833520475.340801,1.676,519912013.8240001,311947208.29440004,127971299.52,51188519.808000006,0.0,0.08,0.12,0.15,0.1,50,2599560069.1200004
LOGWIN AG,TGHN.F,Industrials,Luxembourg,898081067.5200001,1610432271.36,0.113,322086454.272,193251872.5632,224520266.88000005,89808106.75200002,0.0,0.08,0.12,0.15,0.1,50,1610432271.36
GENTING MALAYSIA BHD,GMALF,Consumer Cyclical,Malaysia,3133127680.0,2551957872.64,0.331,2319961702.4,1391977021.44,783281920.0,313312768.0,0.0,0.08,0.12,0.15,0.1,50,11599808512.0
SYSTEX CORPORATION,7819.TWO,Technology,Taiwan,665889443.84,14966458.752,,2993291.7504000003,1795975.05024,166472360.96,66588944.384,0.0,0.08,0.12,0.15,0.1,50,14966458.752
ILLINOIS TOOL WORKS INC.,ITW,Industrials,United States,86365618176.0,16044000256.0,1.159,3208800051.2000003,1925280030.72,21591404544.0,8636561817.6,0.0,0.08,0.12,0.15,0.1,50,16044000256.0
KT CORPORATION,KT,Communication Services,South Korea,11345281024.0,20981102936.064,0.085,4196220587.2128005,2517732352.32768,2836320256.0,1134528102.4,0.0,0.08,0.12,0.15,0.1,50,27974803914752.0
NIO INC.,NIO,Consumer Cyclical,China,12453647360.0,10155696947.2,1.124,14508138496.0,8704883097.6,3113411840.0,1245364736.0,0.0,0.08,0.12,0.15,0.1,50,72540692480.0
PASON SYSTEMS INC.,3PS.F,Energy,Canada,655405102.08,451638720.0,0.649,90327744.0,54196646.4,163851275.52,65540510.208,0.0,0.08,0.12,0.15,0.1,50,451638720.0
HSBC HOLDINGS PLC,HSBC,Financial Services,United Kingdom,295597375488.0,57976000512.0,0.444,11595200102.400002,6957120061.44,73899343872.0,29559737548.800003,0.0,0.08,0.12,0.15,0.1,50,57976000512.0
CSR PLC,CSR,Real Estate,United States,1116300928.0,273449984.0,0.798,54689996.8,32813998.08,279075232.0,111630092.8,0.0,0.08,0.12,0.15,0.1,50,273449984.0
MONEX GROUP INC.,NNL.F,Financial Services,Japan,1069602762.24,566041632.178176,0.002,113208326.43563521,67924995.86138113,267400690.56000003,106960276.22400002,0.0,0.08,0.12,0.15,0.1,50,85763883663.36
SAFRAN SA,SAF.PA,Industrials,France,153346831810.56,33684120207.36,0.894,6736824041.472,4042094424.8832,38336707952.64,15334683181.056,0.0,0.08,0.12,0.15,0.1,50,33684120207.36
CME GROUP INC.,CME,Financial Services,United States,109085523968.0,6520600064.0,0.28,1304120012.8000002,782472007.68,27271380992.0,10908552396.8,0.0,0.08,0.12,0.15,0.1,50,6520600064.0
POINT INTERNATIONAL AB,CHKP,Technology,Israel,17648041984.0,2725400064.0,0.603,545080012.8000001,327048007.68,4412010496.0,1764804198.4,0.0,0.08,0.12,0.15,0.1,50,2725400064.0
INTEGRA SA,ZIM,Industrials,Israel,3366185216.0,7587100160.0,1.549,1517420032.0,910452019.2,841546304.0,336618521.6,0.0,0.08,0.12,0.15,0.1,50,7587100160.0
UNITED INTERNET AG,UTDI.DE,Communication Services,Germany,5081001799.68,6896177049.6,0.537,1379235409.92,827541245.952,1270250449.92,508100179.96800005,0.0,0.08,0.12,0.15,0.1,50,6896177049.6
KONINKLIJKE PHILIPS ELECTRONICS NV,PHG,Healthcare,Netherlands,29689065472.0,17834000384.0,0.912,3566800076.8,2140080046.08,7422266368.0,2968906547.2000003,0.0,0.08,0.12,0.15,0.1,50,17834000384.0
AVANZA BANK HOLDING AB,1JJA.F,Financial Services,Sweden,5232981196.8,0.0,0.95,0.0,0.0,1308245299.2,523298119.68000007,0.0,0.08,0.12,0.15,0.1,50,0.0
ATOS ORIGIN SA,AEXAF,Technology,France,1182033792.0,9409969930.24,1.701,1726599987.2,1035959992.32,295508448.0,118203379.2,0.0,0.08,0.12,0.15,0.1,50,8632999936.0
ARROW ELECTRONICS INC,ARW,Technology,United States,7872995328.0,30852935680.0,1.04,6170587136.0,3702352281.6,1968248832.0,787299532.8000001,0.0,0.08,0.12,0.15,0.1,50,30852935680.0
DRAKE INTERNATIONAL INC.,DSI.AE,Industrials,United Arab Emirates,787032256.0,168190000.0,-0.045,33638000.0,20182800.0,196758064.0,78703225.60000001,0.0,0.08,0.12,0.15,0.1,50,168190000.0
MAXIMUS INC.,MMS,Industrials,United States,3993501184.0,5373646848.0,0.552,1074729369.6,644837621.76,998375296.0,399350118.4,0.0,0.08,0.12,0.15,0.1,50,5373646848.0
ISOFT GROUP PLC,301236.SZ,Technology,China,6337059061.76,4828787998.72,0.957,965757599.744,579454559.8464,1584264765.44,633705906.176,0.0,0.08,0.12,0.15,0.1,50,4828787998.72
GROUP NBT PLC,NBTX,Healthcare,France,1270188544.0,10159000.0,0.405,2031800.0,1219080.0,317547136.0,127018854.4,0.0,0.08,0.12,0.15,0.1,50,10159000.0
ADVANCED DIGITAL INFORMATION CORPORATION,300541.SZ,Technology,China,985575987.2,416594626.56000006,0.355,83318925.31200002,49991355.1872,246393996.8,98557598.72,0.0,0.08,0.12,0.15,0.1,50,416594626.56000006
HOLOGIC INC.,HOLX,Healthcare,United States,16777970688.0,4126500096.0,0.733,825300019.2,495180011.52,4194492672.0,1677797068.8000002,0.0,0.08,0.12,0.15,0.1,50,4126500096.0
AMDOCS INC.,DOX,Technology,United States,7339766784.0,4578797056.0,0.403,915759411.2,549455646.72,1834941696.0,733976678.4000001,0.0,0.08,0.12,0.15,0.1,50,4578797056.0
SMI CORPORATION LTD,AOS,Industrials,United States,10967773184.0,3830200064.0,1.343,766040012.8000001,459624007.68,2741943296.0,1096777318.4,0.0,0.08,0.12,0.15,0.1,50,3830200064.0
VISIONCHINA MEDIA INC.,VISN,Technology,United States,4196132608.0,5299100160.0,2.429,1059820032.0,635892019.1999999,1049033152.0,419613260.8,0.0,0.08,0.12,0.15,0.1,50,5299100160.0
PFEIFFER VACUUM TECHNOLOGY AG,PFV.F,Industrials,Germany,1758734208.0,920907325.44,0.747,184181465.08800003,110508879.0528,439683552.0,175873420.8,0.0,0.08,0.12,0.15,0.1,50,920907325.44
CIENA CORPORATION,CIEN,Technology,United States,42774302720.0,4769506816.0,1.147,953901363.2,572340817.92,10693575680.0,4277430272.0,0.0,0.08,0.12,0.15,0.1,50,4769506816.0
ASIAINFO HOLDINGS INC.,688225.SS,Technology,China,1221950464.0,1032820275.2,0.283,206564055.04,123938433.024,305487616.0,122195046.4,0.0,0.08,0.12,0.15,0.1,50,1032820275.2
VIVENDI SA,VVUD.F,Communication Services,France,2149265802.24,332640000.0,1.187,66528000.0,39916800.0,537316450.5600001,214926580.22400004,0.0,0.08,0.12,0.15,0.1,50,332640000.0
TELEPERFORMANCE SA,TEP.PA,Industrials,France,3179246561.28,12148704000.0,0.593,2229120000.0,1337472000.0,794811640.32,317924656.128,0.0,0.08,0.12,0.15,0.1,50,11145600000.0
GAMESTOP CORPORATION,GME,Consumer Cyclical,United States,10490141696.0,3808199936.0,2.115,761639987.2,456983992.32,2622535424.0,1049014169.6,0.0,0.08,0.12,0.15,0.1,50,3808199936.0
ADVANCED INFORMATION SYSTEMS SA,AIT-R.BK,Technology,Thailand,7835719680.0,7008551936.0,0.474,1401710387.2,841026232.3199999,1958929920.0,783571968.0,0.0,0.08,0.12,0.15,0.1,50,7008551936.0
CACI INTERNATIONAL INC.,CACI,Technology,United States,12542290944.0,8978845696.0,0.597,1795769139.2,1077461483.52,3135572736.0,1254229094.4,0.0,0.08,0.12,0.15,0.1,50,8978845696.0
COR AG,COR,Healthcare,United States,69944483840.0,325777784832.0,0.685,65155556966.4,39093334179.84,17486120960.0,6994448384.0,0.0,0.08,0.12,0.15,0.1,50,325777784832.0
ARRAY INC.,ARRY,Technology,United States,1695500160.0,1333329024.0,1.695,266665804.8,159999482.88,423875040.0,169550016.0,0.0,0.08,0.12,0.15,0.1,50,1333329024.0
TEKLA OYJ,THW,Financial Services,United States,511120672.0,0.0,,0.0,0.0,127780168.0,51112067.2,0.0,0.08,0.12,0.15,0.1,50,0.0
HAEMONETICS CORPORATION,HAE,Healthcare,United States,2737429504.0,1318274944.0,0.267,263654988.8,158192993.28,684357376.0,273742950.40000004,0.0,0.08,0.12,0.15,0.1,50,1318274944.0
HERTZ GLOBAL HOLDINGS INC.,HTZ,Industrials,United States,1534719616.0,8515999744.0,2.132,1703199948.8000002,1021919969.28,383679904.0,153471961.6,0.0,0.08,0.12,0.15,0.1,50,8515999744.0
GOLDMAN SACHS GROUP INC.,GS,Financial Services,United States,276251148288.0,59396001792.0,1.311,11879200358.400002,7127520215.04,69062787072.0,27625114828.800003,0.0,0.08,0.12,0.15,0.1,50,59396001792.0
POLARIS INTERNATIONAL HOLDINGS INC.,PII,Consumer Cyclical,United States,3664859904.0,7236299776.0,1.19,1447259955.2,868355973.12,916214976.0,366485990.4,0.0,0.08,0.12,0.15,0.1,50,7236299776.0
FEDERAL SIGNAL CORPORATION,FSS,Industrials,United States,7226795520.0,2055399936.0,1.335,411079987.2000001,246647992.32,1806698880.0,722679552.0,0.0,0.08,0.12,0.15,0.1,50,2055399936.0
ALLEGRO CORPORATION,6V5.F,Technology,United States,7003994849.280001,906911631.36,1.64,181382326.272,108829395.7632,1750998712.3200002,700399484.9280001,0.0,0.08,0.12,0.15,0.1,50,906911631.36
TEC-SEM GROUP AG,300046.SZ,Technology,China,1173905223.68,51679752.32000001,0.188,10335950.464000002,6201570.278400001,293476305.92,117390522.36800002,0.0,0.08,0.12,0.15,0.1,50,51679752.32000001
TEXAS INSTRUMENTS INC.,TXN,Technology,United States,205257932800.0,17681999872.0,0.995,3536399974.4,2121839984.64,51314483200.0,20525793280.0,0.0,0.08,0.12,0.15,0.1,50,17681999872.0
ROO GROUP INC.,ROOT,Financial Services,United States,952248640.0,1446800000.0,2.816,289360000.0,173616000.0,238062160.0,95224864.0,0.0,0.08,0.12,0.15,0.1,50,1446800000.0
KBR INC.,KBR,Industrials,United States,5278641664.0,8040999936.0,0.505,1608199987.2,964919992.32,1319660416.0,527864166.4,0.0,0.08,0.12,0.15,0.1,50,8040999936.0
LBI INTERNATIONAL AB,LBIRD.PA,Healthcare,France,537502245.12,236624751.36,0.912,47324950.27200001,28394970.1632,134375561.28,53750224.512,0.0,0.08,0.12,0.15,0.1,50,236624751.36
DOMINION SA,D,Utilities,United States,56341200896.0,15813000192.0,0.706,3162600038.4,1897560023.04,14085300224.0,5634120089.6,0.0,0.08,0.12,0.15,0.1,50,15813000192.0
FTI CONSULTING INC.,FCN,Industrials,United States,5188956672.0,3693035008.0,0.076,738607001.6,443164200.96,1297239168.0,518895667.2000001,0.0,0.08,0.12,0.15,0.1,50,3693035008.0
KONINKLIJKE KPN NV,KPN.AS,Communication Services,Netherlands,19205331517.44,6295320207.360001,0.262,1259064041.472,755438424.8832,4801332879.360001,1920533151.7440004,0.0,0.08,0.12,0.15,0.1,50,6295320207.360001
NORMAN ASA,HNN.F,Consumer Cyclical,Australia,5098440499.200001,3152683192.32,0.768,630536638.4640001,378321983.0784,1274610124.8000002,509844049.9200001,0.0,0.08,0.12,0.15,0.1,50,3152683192.32
PDF SOLUTIONS INC.,PD9.F,Technology,United States,1204931496.96,236545920.00000003,1.563,47309184.00000001,28385510.4,301232874.24,120493149.696,0.0,0.08,0.12,0.15,0.1,50,236545920.00000003
GSH GROUP PLC,GSHD,Financial Services,United States,1881283584.0,353231008.0,1.543,70646201.60000001,42387720.96,470320896.0,188128358.4,0.0,0.08,0.12,0.15,0.1,50,353231008.0
ARC INTERNATIONAL PLC,ACHR,Industrials,United States,4944225280.0,0.0,3.105,0.0,0.0,1236056320.0,494422528.0,0.0,0.08,0.12,0.15,0.1,50,0.0
GLOBAL MED TECHNOLOGIES INC.,3UN0.F,Real Estate,United States,883133245.44,156415311.36,1.203,31283062.272000004,18769837.3632,220783311.36,88313324.54400001,0.0,0.08,0.12,0.15,0.1,50,156415311.36
KRATOS DEFENSE & SECURITY SOLUTIONS INC.,KTOS,Industrials,United States,15607260160.0,1284800000.0,1.094,256960000.0,154176000.0,3901815040.0,1560726016.0,0.0,0.08,0.12,0.15,0.1,50,1284800000.0
ROLLS-ROYCE PLC,RYCEY,Industrials,United Kingdom,146744852480.0,19537999872.0,1.152,3907599974.4,2344559984.64,36686213120.0,14674485248.0,0.0,0.08,0.12,0.15,0.1,50,19537999872.0
GFI GROUP INC.,GFI,Basic Materials,South Africa,45664866304.0,6555200000.0,0.681,1311040000.0,786624000.0,11416216576.0,4566486630.400001,0.0,0.08,0.12,0.15,0.1,50,6555200000.0
KGHM POLSKA MIEDZ SA,KGH.WA,Basic Materials,Poland,57059995648.0,35043999744.0,1.27,7008799948.8,4205279969.28,14264998912.0,5705999564.8,0.0,0.08,0.12,0.15,0.1,50,35043999744.0
SONAECOM SGPS SA,XOA1.SG,Communication Services,Portugal,1037741621.76,21555123.84,0.069,4311024.768,2586614.8608,259435405.44000003,103774162.176,0.0,0.08,0.12,0.15,0.1,50,21555123.84
NEXT GLOBAL TECHNOLOGY SDN BHD,7241.KL,Industrials,Malaysia,869257536.0,79844416.0,-0.296,15968883.2,9581329.92,217314384.0,86925753.60000001,0.0,0.08,0.12,0.15,0.1,50,79844416.0
VTEC INC.,0303.HK,Technology,Hong Kong,2047000838.144,266060791.808,0.437,53212158.3616,31927295.01696,511750209.536,204700083.8144,0.0,0.08,0.12,0.15,0.1,50,266060791.808
SAIC INC.,SAIC,Technology,United States,3949147648.0,7350000128.0,0.292,1470000025.6,882000015.36,987286912.0,394914764.8,0.0,0.08,0.12,0.15,0.1,50,7350000128.0
NTL INC.,NTLA,Healthcare,United States,1402121216.0,57528000.0,2.114,11505600.0,6903360.0,350530304.0,140212121.6,0.0,0.08,0.12,0.15,0.1,50,57528000.0
NEOGEN SA,NEO,Healthcare,United States,1361159680.0,709161984.0,1.582,141832396.8,85099438.08,340289920.0,136115968.0,0.0,0.08,0.12,0.15,0.1,50,709161984.0
CHINA MOBILE COMMUNICATIONS CORPORATION,0941.HK,Communication Services,China,219682107817.984,133627773976.576,0.227,26725554795.3152,16035332877.18912,54920526954.496,21968210781.7984,0.0,0.08,0.12,0.15,0.1,50,133627773976.576
THQ INC.,THQ,Financial Services,United States,792132736.0,0.0,,0.0,0.0,198033184.0,79213273.60000001,0.0,0.08,0.12,0.15,0.1,50,0.0
ALTI SA,ALTI,Financial Services,United States,630145408.0,226716992.0,0.75,45343398.400000006,27206039.04,157536352.0,63014540.8,0.0,0.08,0.12,0.15,0.1,50,226716992.0
STREAM GROUP PLC,UFY.F,Industrials,Australia,914995215.36,2514810101.76,0.689,502962020.35200006,301777212.2112,228748803.84,91499521.536,0.0,0.08,0.12,0.15,0.1,50,2514810101.76
PARKER HANNIFIN CORPORATION,PH,Industrials,United States,127479005184.0,20461000704.0,1.242,4092200140.8,2455320084.48,31869751296.0,12747900518.400002,0.0,0.08,0.12,0.15,0.1,50,20461000704.0
EXACT HOLDING NV,EXAS,Healthcare,United States,19631747072.0,3246990080.0,1.422,649398016.0,389638809.6,4907936768.0,1963174707.2,0.0,0.08,0.12,0.15,0.1,50,3246990080.0
PCT INTERNATIONAL INC.,PCT,Industrials,United States,1536190720.0,5660000.0,2.015,1132000.0,679200.0,384047680.0,153619072.0,0.0,0.08,0.12,0.15,0.1,50,5660000.0
POPULAR INC.,BPOP,Financial Services,United States,9625182208.0,2939058944.0,0.63,587811788.8000001,352687073.28,2406295552.0,962518220.8,0.0,0.08,0.12,0.15,0.1,50,2939058944.0
VESTA CORPORATION,VWS.CO,Industrials,Denmark,22597116559.36,2729190092.8,1.383,545838018.56,327502811.136,5649279139.839999,2259711655.936,0.0,0.08,0.12,0.15,0.1,50,2729190092.8
VEGA GROUP PLC,LVS,Consumer Cyclical,United States,38783074304.0,13016999936.0,0.885,2603399987.2000003,1562039992.32,9695768576.0,3878307430.4,0.0,0.08,0.12,0.15,0.1,50,13016999936.0
INTRALOT SA,9IL.F,Consumer Cyclical,Greece,1976882457.6,398623680.0,0.129,79724736.0,47834841.6,494220614.4,197688245.76,0.0,0.08,0.12,0.15,0.1,50,398623680.0
BALFOUR BEATTY PLC,BAFBF,Industrials,United Kingdom,4673863680.0,8871000064.0,0.636,1774200012.8000002,1064520007.68,1168465920.0,467386368.0,0.0,0.08,0.12,0.15,0.1,50,8871000064.0
AMANO CORPORATION,AMANF,Technology,Japan,1790190464.0,1165216825.344,0.259,233043365.0688,139826019.04128,447547616.0,179019046.4,0.0,0.08,0.12,0.15,0.1,50,176548003840.0
GREAT WALL ACQUISITION CORPORATION,GRVB.F,Consumer Cyclical,China,19292953559.04,33685846858.137608,0.797,48122638368.768005,28873583021.260803,4823238389.76,1929295355.9040003,0.0,0.08,0.12,0.15,0.1,50,240613191843.84003
ADVERTISING.COM INC.,LAMR,Real Estate,United States,13326894080.0,2253061888.0,1.25,450612377.6,270367426.56,3331723520.0,1332689408.0,0.0,0.08,0.12,0.15,0.1,50,2253061888.0
ASTRAZENECA PLC,AZN,Healthcare,United Kingdom,325133205504.0,58738999296.0,0.192,11747799859.2,7048679915.52,81283301376.0,32513320550.4,0.0,0.08,0.12,0.15,0.1,50,58738999296.0
CBS CORPORATION,CBSH,Financial Services,United States,7855609344.0,1711661056.0,0.596,342332211.20000005,205399326.72,1963902336.0,785560934.4000001,0.0,0.08,0.12,0.15,0.1,50,1711661056.0
DSP GROUP INC.,DSP,Technology,United States,585588544.0,324131008.0,1.03,64826201.6,38895720.96,146397136.0,58558854.400000006,0.0,0.08,0.12,0.15,0.1,50,324131008.0
ALLIANZ SE,ALV.DE,Financial Services,Germany,155065661521.92,113420518686.72,0.661,22684103737.344,13610462242.4064,38766415380.48,15506566152.192,0.0,0.08,0.12,0.15,0.1,50,113420518686.72
EVE SA,EVRG,Utilities,United States,18790078464.0,5878799872.0,0.644,1175759974.4,705455984.64,4697519616.0,1879007846.4,0.0,0.08,0.12,0.15,0.1,50,5878799872.0
AMX CORPORATION,AMX,Communication Services,Mexico,72706359296.0,54731003265.024,0.273,188727597465.6,113236558479.36,18176589824.0,7270635929.6,0.0,0.08,0.12,0.15,0.1,50,943637987328.0
SUN NEW MEDIA INC.,300487.SZ,Basic Materials,China,4909679165.440001,363398282.24,0.602,72679656.448,43607793.8688,1227419791.36,490967916.5440001,0.0,0.08,0.12,0.15,0.1,50,363398282.24
FIVE9 INC.,FIVN,Technology,United States,1261624832.0,1127465984.0,1.307,225493196.8,135295918.07999998,315406208.0,126162483.2,0.0,0.08,0.12,0.15,0.1,50,1127465984.0
NDS GROUP PLC,NDSN,Industrials,United States,16544136192.0,2791686912.0,1.002,558337382.4,335002429.44,4136034048.0,1654413619.2,0.0,0.08,0.12,0.15,0.1,50,2791686912.0
CDC CORPORATION,CCC.VN,Industrials,Vietnam,437750005760.0,0.0,,0.0,0.0,109437501440.0,43775000576.0,0.0,0.08,0.12,0.15,0.1,50,0.0
ZUKEN INC.,6947.T,Technology,Japan,636142487.1424,283166758.912,0.244,56633351.782400005,33980011.06944,159035621.7856,63614248.71424001,0.0,0.08,0.12,0.15,0.1,50,283166758.912
RAND WORLDWIDE SA,RWWI,Technology,United States,537741952.0,86699000.0,0.099,17339800.0,10403880.0,134435488.0,53774195.2,0.0,0.08,0.12,0.15,0.1,50,86699000.0
MARRIOTT INTERNATIONAL INC.,MAR,Consumer Cyclical,United States,95011536896.0,26321000448.0,1.101,5264200089.6,3158520053.76,23752884224.0,9501153689.6,0.0,0.08,0.12,0.15,0.1,50,26321000448.0
UBS AG,UBS,Financial Services,Switzerland,132990672896.0,49050001408.0,0.887,9810000281.6,5886000168.96,33247668224.0,13299067289.6,0.0,0.08,0.12,0.15,0.1,50,49050001408.0
COGENT COMMUNICATIONS GROUP INC.,CCOI,Communication Services,United States,1313178368.0,907233024.0,0.779,181446604.8,108867962.88,328294592.0,131317836.8,0.0,0.08,0.12,0.15,0.1,50,907233024.0
VCOM INC.,VCOM.BK,Technology,Thailand,957856128.0,2032107904.0,0.369,406421580.8,243852948.48,239464032.0,95785612.8,0.0,0.08,0.12,0.15,0.1,50,2032107904.0
SIGMA AB,SGML.V,Basic Materials,Brazil,1421816535.04,102829772.48,0.023,20565954.496000003,12339572.6976,355454133.76,142181653.504,0.0,0.08,0.12,0.15,0.1,50,102829772.48
VTR PLC,VTR,Real Estate,United States,41029869568.0,5817438208.0,0.772,1163487641.6,698092584.9599999,10257467392.0,4102986956.8,0.0,0.08,0.12,0.15,0.1,50,5817438208.0
STOREBRAND ASA,SKT.F,Financial Services,Norway,7110254407.68,5963825924.99712,0.561,12825432096.768002,7695259258.060801,1777563601.92,711025440.7680001,0.0,0.08,0.12,0.15,0.1,50,64127160483.84
INTERCONTINENTAL HOTELS GROUP PLC,IHG,Consumer Cyclical,United Kingdom,22255089664.0,5120000000.0,1.081,1024000000.0,614400000.0,5563772416.0,2225508966.4,0.0,0.08,0.12,0.15,0.1,50,5120000000.0
AXON GROUP PLC,AXON,Industrials,United States,34006536192.0,2557957120.0,1.483,511591424.0,306954854.4,8501634048.0,3400653619.2000003,0.0,0.08,0.12,0.15,0.1,50,2557957120.0
CHINA.COM INC.,0552.HK,Communication Services,China,4024847826.944,2733291098.6035204,0.547,3904701569.4336,2342820941.66016,1006211956.736,402484782.6944001,0.0,0.08,0.12,0.15,0.1,50,19523507847.168
MKS INSTRUMENTS INC.,MKSI,Technology,United States,17987983360.0,3832000000.0,1.943,766400000.0,459840000.0,4496995840.0,1798798336.0,0.0,0.08,0.12,0.15,0.1,50,3832000000.0
CELESTICA INC.,CLS,Technology,Canada,32632440832.0,12390899712.0,1.505,2478179942.4,1486907965.44,8158110208.0,3263244083.2000003,0.0,0.08,0.12,0.15,0.1,50,12390899712.0
MARUBENI CORPORATION,8002.T,Industrials,Japan,63115517073.8176,55227029389.312,0.636,11045405877.862402,6627243526.717441,15778879268.4544,6311551707.381761,0.0,0.08,0.12,0.15,0.1,50,55227029389.312
VERISIGN INC.,VRSN,Technology,United States,19749271552.0,1656600064.0,0.753,331320012.8,198792007.68,4937317888.0,1974927155.2,0.0,0.08,0.12,0.15,0.1,50,1656600064.0
3I GROUP PLC,3I0.F,Real Estate,United States,8158625095.68,1083383631.36,1.246,216676726.27200004,130006035.7632,2039656273.92,815862509.5680001,0.0,0.08,0.12,0.15,0.1,50,1083383631.36
CITIGROUP INC.,C,Financial Services,United States,202938564608.0,75716001792.0,1.141,15143200358.400002,9085920215.04,50734641152.0,20293856460.8,0.0,0.08,0.12,0.15,0.1,50,75716001792.0
EADS NV,EADSY,Industrials,Netherlands,186414579712.0,72151998464.0,0.867,14430399692.8,8658239815.68,46603644928.0,18641457971.2,0.0,0.08,0.12,0.15,0.1,50,72151998464.0
DEXTERRA INC.,13N1.F,Industrials,Canada,509063235.84,1099501585.92,0.656,219900317.184,131940190.3104,127265808.96,50906323.58400001,0.0,0.08,0.12,0.15,0.1,50,1099501585.92
BEL FUSE INC.,BELFB,Technology,United States,2943960576.0,649376000.0,1.212,129875200.0,77925120.0,735990144.0,294396057.6,0.0,0.08,0.12,0.15,0.1,50,649376000.0
RED DRAGON GOLD CORPORATION,603116.SS,Consumer Cyclical,China,512242519.04,276811207.68,0.48,55362241.536000006,33217344.9216,128060629.76,51224251.90400001,0.0,0.08,0.12,0.15,0.1,50,276811207.68
MOSAIC GROUP INC.,MOS,Basic Materials,United States,9255613440.0,11894599680.0,0.961,2378919936.0,1427351961.6,2313903360.0,925561344.0,0.0,0.08,0.12,0.15,0.1,50,11894599680.0
GOT CORPORATION,GOTU,Consumer Defensive,China,516377408.0,819010949.1200001,0.447,1170015641.6,702009384.9599999,129094352.0,51637740.8,0.0,0.08,0.12,0.15,0.1,50,5850078208.0
AG MEDIA GROUP INC.,DJT,Communication Services,United States,2925975296.0,3677900.0,4.619,735580.0,441348.0,731493824.0,292597529.6,0.0,0.08,0.12,0.15,0.1,50,3677900.0
SANDISK CORPORATION,SNDK,Technology,United States,88918122496.0,8929000448.0,,1785800089.6,1071480053.76,22229530624.0,8891812249.6,0.0,0.08,0.12,0.15,0.1,50,8929000448.0
EVERTEC INC.,EVTC,Technology,United States,1678296064.0,903380992.0,0.845,180676198.4,108405719.04,419574016.0,167829606.4,0.0,0.08,0.12,0.15,0.1,50,903380992.0
APPLIED DIGITAL SOLUTIONS INC.,APLD,Technology,United States,9198373888.0,263986000.0,7.182,52797200.0,31678320.0,2299593472.0,919837388.8,0.0,0.08,0.12,0.15,0.1,50,263986000.0
TOWER PLC,TSEM,Technology,Israel,14261746688.0,1566104064.0,,313220812.8,187932487.68,3565436672.0,1426174668.8000002,0.0,0.08,0.12,0.15,0.1,50,1566104064.0
YAMAHA CORPORATION,YHA.F,Consumer Cyclical,Japan,3133308856.32,3224735615.2872963,0.113,644947123.0574591,386968273.8344755,783327214.08,313330885.632,0.0,0.08,0.12,0.15,0.1,50,488596305346.56006
"FIRST AMERICAN CORPORATION, THE",FAF,Financial Services,United States,6870097920.0,7452199936.0,1.291,1490439987.2,894263992.3199999,1717524480.0,687009792.0,0.0,0.08,0.12,0.15,0.1,50,7452199936.0
FAITH INC.,301112.SZ,Consumer Cyclical,China,588162032.6400001,73834987.52000001,0.951,14766997.504000004,8860198.502400002,147040508.16000003,58816203.26400001,0.0,0.08,0.12,0.15,0.1,50,73834987.52000001
INTER-TEL INC.,600289.SS,Technology,China,587509493.7600001,44846009.6,0.798,8969201.92,5381521.152,146877373.44000003,58750949.37600002,0.0,0.08,0.12,0.15,0.1,50,44846009.6
@ROAD INC.,ROAD,Industrials,United States,7735824896.0,3060244992.0,0.87,612048998.4,367229399.04,1933956224.0,773582489.6,0.0,0.08,0.12,0.15,0.1,50,3060244992.0
TATA TECHNOLOGIES INC.,TATATECH.BO,Technology,India,2940493234.176,626279989.248,0.636,125255997.84960002,75153598.70976,735123308.544,294049323.41760004,0.0,0.08,0.12,0.15,0.1,50,626279989.248
MCKESSON CORPORATION,MCK,Healthcare,United States,116816535552.0,397957988352.0,0.413,79591597670.40001,47754958602.24,29204133888.0,11681653555.2,0.0,0.08,0.12,0.15,0.1,50,397957988352.0
FITCH INC.,ANF,Consumer Cyclical,United States,4377493504.0,5181407232.0,1.162,1036281446.4,621768867.84,1094373376.0,437749350.4,0.0,0.08,0.12,0.15,0.1,50,5181407232.0
FIRST NATIONAL HOLDING SA,SN9.F,Financial Services,United States,2798554613.76,-1415880.0,0.916,-283176.0,-169905.6,699638653.44,279855461.37600005,0.0,0.08,0.12,0.15,0.1,50,-1415880.0
GUS PLC,2273.HK,Healthcare,China,903379615.744,403492995.072,0.655,80698599.0144,48419159.408640005,225844903.936,90337961.5744,0.0,0.08,0.12,0.15,0.1,50,403492995.072
QUEBECOR INC.,QBR-B.TO,Communication Services,Canada,9193464094.72,4164720189.44,0.539,832944037.888,499766422.7328,2298366023.68,919346409.472,0.0,0.08,0.12,0.15,0.1,50,4164720189.44
NRJ GROUP SA,NRG.PA,Communication Services,France,595616785.9200001,443097008.6400001,0.225,88619401.72800002,53171641.036800005,148904196.48000002,59561678.59200001,0.0,0.08,0.12,0.15,0.1,50,443097008.6400001
WOODSIDE CORPORATION,WDS.AX,Energy,Australia,32409574686.72,9095460126.72,-0.07,1819092025.3440003,1091455215.2064002,8102393671.68,3240957468.6720004,0.0,0.08,0.12,0.15,0.1,50,9095460126.72
INTAC INTERNATIONAL INC.,I5U.F,Financial Services,Canada,31504829644.800003,28152359239.68,0.257,5630471847.936001,3378283108.7616,7876207411.200001,3150482964.4800005,0.0,0.08,0.12,0.15,0.1,50,28152359239.68
WORLD INVESTMENT PARTNERS SA,MWG11.BK,Consumer Cyclical,Vietnam,162998714368.0,0.0,0.458,0.0,0.0,40749678592.0,16299871436.8,0.0,0.08,0.12,0.15,0.1,50,0.0
ERAS INC.,ERAS,Healthcare,United States,3746000640.0,0.0,1.221,0.0,0.0,936500160.0,374600064.0,0.0,0.08,0.12,0.15,0.1,50,0.0
ANDERSEN GROUP INC.,ANDG,Consumer Cyclical,United States,2296716800.0,810755968.0,,162151193.60000002,97290716.16,574179200.0,229671680.0,0.0,0.08,0.12,0.15,0.1,50,810755968.0
SAFE TECHNOLOGIES INTERNATIONAL INC.,301559.SZ,Consumer Cyclical,China,1501919928.3200002,384355937.28,0.7,76871187.45600002,46122712.4736,375479982.08,150191992.83200002,0.0,0.08,0.12,0.15,0.1,50,384355937.28
CI COM SA,2596.HK,Financial Services,China,1544639086.592,166622855.168,,33324571.033600003,19994742.62016,386159771.648,154463908.6592,0.0,0.08,0.12,0.15,0.1,50,166622855.168
HONG KONG INVESTNET INC.,0517.HK,Industrials,Hong Kong,1326645510.144,487469711.36,0.443,97493942.272,58496365.3632,331661377.536,132664551.0144,0.0,0.08,0.12,0.15,0.1,50,487469711.36
TELEKOM MALAYSIA BHD,MYTEF,Communication Services,Malaysia,6332268544.0,11665699840.0,0.224,2333139968.0,1399883980.8,1583067136.0,633226854.4,0.0,0.08,0.12,0.15,0.1,50,11665699840.0
IMERYS SA,IY4.F,Basic Materials,France,2347860971.52,3688091965.44,0.723,737618393.088,442571035.8528,586965242.88,234786097.152,0.0,0.08,0.12,0.15,0.1,50,3688091965.44
D&M HOLDINGS INC.,NAK,Basic Materials,Canada,1106297728.0,0.0,0.394,0.0,0.0,276574432.0,110629772.8,0.0,0.08,0.12,0.15,0.1,50,0.0
EXEL PLC,EXEL,Healthcare,United States,11756718080.0,2320125952.0,0.423,464025190.4,278415114.24,2939179520.0,1175671808.0,0.0,0.08,0.12,0.15,0.1,50,2320125952.0
RWE AG,RWE.DE,Utilities,Germany,41284736778.240005,23257800622.08,0.702,4651560124.416,2790936074.6496,10321184194.56,4128473677.824001,0.0,0.08,0.12,0.15,0.1,50,23257800622.08
TIM INTERNATIONAL NV,NYT,Communication Services,United States,11970439168.0,2824918016.0,1.107,564983603.2,338990161.92,2992609792.0,1197043916.8,0.0,0.08,0.12,0.15,0.1,50,2824918016.0
AMKOR TECHNOLOGY INC.,AMKR,Technology,United States,11378689024.0,6707980800.0,1.947,1341596160.0,804957696.0,2844672256.0,1137868902.4,0.0,0.08,0.12,0.15,0.1,50,6707980800.0
MULTIPLAN INC.,MULT3.SA,Real Estate,Brazil,3211731968.0,547816601.6,0.039,109563320.32,65737992.192,802932992.0,321173196.8,0.0,0.08,0.12,0.15,0.1,50,547816601.6
WESTERN UNION FINANCIAL SERVICES INC.,WU,Financial Services,United States,3030563584.0,4100499968.0,0.536,820099993.6,492059996.16,757640896.0,303056358.40000004,0.0,0.08,0.12,0.15,0.1,50,4100499968.0
CPP GROUP PLC,CPPLUS.NS,Industrials,India,2251686739.968,453146148.864,,90629229.7728,54377537.86368,562921684.992,225168673.9968,0.0,0.08,0.12,0.15,0.1,50,453146148.864
BEST BUY COMPANY INC.,BBY,Consumer Cyclical,United States,13779490816.0,41825001472.0,1.469,8365000294.400001,5019000176.639999,3444872704.0,1377949081.6,0.0,0.08,0.12,0.15,0.1,50,41825001472.0
DATA SYSTEMS & SOFTWARE INC.,TDS,Communication Services,United States,5368174080.0,4859865088.0,0.341,971973017.6,583183810.56,1342043520.0,536817408.0,0.0,0.08,0.12,0.15,0.1,50,4859865088.0
OBRASCON HUARTE LAIN SA,HUA.F,Industrials,Spain,553172751.36,4206919671.7056003,1.169,771911866.368,463147119.8208,138293187.84,55317275.13600001,0.0,0.08,0.12,0.15,0.1,50,3859559331.84
J4B PLC,J4B.F,Industrials,United States,924890434.56,651868577.2800001,1.314,130373715.45600004,78224229.27360001,231222608.64,92489043.45600002,0.0,0.08,0.12,0.15,0.1,50,651868577.2800001
CRC GROUP PLC,CRC,Energy,United States,5011292160.0,3504999936.0,1.129,700999987.2,420599992.32,1252823040.0,501129216.0,0.0,0.08,0.12,0.15,0.1,50,3504999936.0
WEATHERFORD INC,WFRD,Energy,United States,7265176576.0,4918000128.0,0.758,983600025.6,590160015.36,1816294144.0,726517657.6,0.0,0.08,0.12,0.15,0.1,50,4918000128.0
ITIS HOLDINGS PLC,MSPA.F,Communication Services,Morocco,9559011778.56,0.0,0.409,0.0,0.0,2389752944.6400003,955901177.8560002,0.0,0.08,0.12,0.15,0.1,50,0.0
TOREX GROUP PLC,73GN.F,Basic Materials,Canada,3835603998.72,1226123965.44,1.186,245224793.08800003,147134875.8528,958900999.68,383560399.872,0.0,0.08,0.12,0.15,0.1,50,1226123965.44
MEDIATEK INC.,2454.TW,Technology,Taiwan,91784315142.144,18474945019.904,1.021,3694989003.9808,2216993402.38848,22946078785.536,9178431514.2144,0.0,0.08,0.12,0.15,0.1,50,18474945019.904
SCANFIL OYJ,SCANFL.HE,Industrials,Finland,803652433.9200001,862176960.0,0.732,172435392.0,103461235.2,200913108.48,80365243.392,0.0,0.08,0.12,0.15,0.1,50,862176960.0
SMG PLC,SMG,Basic Materials,United States,4060461056.0,3400900096.0,1.974,680180019.2,408108011.52,1015115264.0,406046105.6,0.0,0.08,0.12,0.15,0.1,50,3400900096.0
CHURCH & DWIGHT COMPANY INC.,CHD,Consumer Defensive,United States,23928963072.0,6203200000.0,0.468,1240640000.0,744384000.0,5982240768.0,2392896307.2000003,0.0,0.08,0.12,0.15,0.1,50,6203200000.0
CRH PLC,CRH,Basic Materials,Ireland,82303590400.0,36900999168.0,1.182,7380199833.6,4428119900.16,20575897600.0,8230359040.0,0.0,0.08,0.12,0.15,0.1,50,36900999168.0
RESCO AB,U0Y.F,Basic Materials,Australia,5383747952.64,1033956334.08,,206791266.816,124074760.0896,1345936988.16,538374795.264,0.0,0.08,0.12,0.15,0.1,50,1033956334.08
BLACK BOX CORPORATION,BBOX.NS,Technology,India,1089525645.312,741058805.76,-0.074,148211761.152,88927056.69119999,272381411.328,108952564.5312,0.0,0.08,0.12,0.15,0.1,50,741058805.76
ESSILOR INTERNATIONAL SA,EL.PA,Healthcare,France,121610590617.6,30770279792.640003,0.608,6154055958.528001,3692433575.1168,30402647654.4,12161059061.760002,0.0,0.08,0.12,0.15,0.1,50,30770279792.640003
BRAVIDA ASA,BV0.F,Industrials,Sweden,1971760389.12,0.0,0.936,0.0,0.0,492940097.28,197176038.91200003,0.0,0.08,0.12,0.15,0.1,50,0.0
T-MOBILE INTERNATIONAL AG,TMUS,Communication Services,United States,247290626048.0,88308998144.0,0.435,17661799628.8,10597079777.28,61822656512.0,24729062604.800003,0.0,0.08,0.12,0.15,0.1,50,88308998144.0
INTERNATIONAL DIGITAL HOLDING INC.,WDC,Technology,United States,97885732864.0,10734000128.0,1.839,2146800025.6,1288080015.36,24471433216.0,9788573286.4,0.0,0.08,0.12,0.15,0.1,50,10734000128.0
VIP INTERNATIONAL CORPORATION,VIPS,Consumer Cyclical,China,8607779840.0,14933745827.840002,0.665,21333922611.2,12800353566.72,2151944960.0,860777984.0,0.0,0.08,0.12,0.15,0.1,50,106669613056.0
TELIA AB,TELIA1.HE,Communication Services,Sweden,17806320599.04,0.0,0.262,0.0,0.0,4451580149.76,1780632059.9040003,0.0,0.08,0.12,0.15,0.1,50,0.0
ALERI INC.,FCW3.F,Utilities,Italy,1113537507.8400002,244604880.00000003,0.558,48920976.00000001,29352585.6,278384376.96000004,111353750.78400002,0.0,0.08,0.12,0.15,0.1,50,244604880.00000003
FLOOR DECOR INC.,FND,Consumer Cyclical,United States,7263840768.0,4661833216.0,1.74,932366643.2,559419985.92,1815960192.0,726384076.8000001,0.0,0.08,0.12,0.15,0.1,50,4661833216.0
PHOTONICS CORPORATION,IPGP,Technology,United States,5598476800.0,1003777024.0,1.028,200755404.8,120453242.88,1399619200.0,559847680.0,0.0,0.08,0.12,0.15,0.1,50,1003777024.0
AMERICAN ELECTRIC AUTOMOBILE COMPANY INC.,AEP,Utilities,United States,70360670208.0,21876000768.0,,4375200153.6,2625120092.16,17590167552.0,7036067020.8,0.0,0.08,0.12,0.15,0.1,50,21876000768.0
JKC GROUP INC.,JKCEMENT.BO,Basic Materials,India,5437489938.432,1609945153.536,0.326,321989030.7072,193193418.42432,1359372484.608,543748993.8432001,0.0,0.08,0.12,0.15,0.1,50,1609945153.536
ISRAEL CORPORATION LTD,DLTI.TA,Consumer Cyclical,Israel,2852860928.0,1291054976.0,0.123,258210995.2,154926597.12,713215232.0,285286092.8,0.0,0.08,0.12,0.15,0.1,50,1291054976.0
"RANK GROUP PLC, THE",RNKA.F,Consumer Cyclical,United Kingdom,542159723.52,878688000.0,1.763,175737600.0,105442560.0,135539930.88,54215972.352,0.0,0.08,0.12,0.15,0.1,50,878688000.0
NCSOFT CORPORATION,036570.KS,Communication Services,South Korea,3083547967.488,1134085275.648,0.931,226817055.1296,136090233.07775998,770886991.872,308354796.7488,0.0,0.08,0.12,0.15,0.1,50,1134085275.648
SERCO GROUP PLC,SEO.F,Industrials,United Kingdom,3654181416.96,5234219827.200001,0.528,1046843965.4400002,628106379.264,913545354.24,365418141.696,0.0,0.08,0.12,0.15,0.1,50,5234219827.200001
CARNIVAL CORPORATION,CCL,Consumer Cyclical,United States,45616463872.0,26621999104.0,2.442,5324399820.8,3194639892.48,11404115968.0,4561646387.2,0.0,0.08,0.12,0.15,0.1,50,26621999104.0
AMERICAN BUSINESS FORMS INC.,AMBZ,Financial Services,United States,637301696.0,153340000.0,0.311,30668000.0,18400800.0,159325424.0,63730169.6,0.0,0.08,0.12,0.15,0.1,50,153340000.0
"TELEVISION CORPORATION PLC, THE",NP9.F,Communication Services,Japan,4808137605.12,3471635309.395968,-0.016,694327061.8791935,416596237.12751615,1202034401.28,480813760.512,0.0,0.08,0.12,0.15,0.1,50,526005349908.48
MENSCH UND MASCHINE SOFTWARE AG,MUM.DE,Technology,Germany,692372413.44,251500688.64,0.918,50300137.72800001,30180082.6368,173093103.36,69237241.34400001,0.0,0.08,0.12,0.15,0.1,50,251500688.64
NOVO GROUP OYJ,NVO,Healthcare,Denmark,218622836736.0,309064007680.0,0.403,61812801536.0,37087680921.6,54655709184.0,21862283673.6,0.0,0.08,0.12,0.15,0.1,50,309064007680.0
MCT CORPORATION,MCTA,Healthcare,Hong Kong,504260192.0,6221751.0,,1244350.2,746610.12,126065048.0,50426019.2,0.0,0.08,0.12,0.15,0.1,50,6221751.0
SAFT SA,SAFT,Financial Services,United States,1190491392.0,1231116032.0,0.207,246223206.4,147733923.84,297622848.0,119049139.2,0.0,0.08,0.12,0.15,0.1,50,1231116032.0
EUROFINS SCIENTIFIC AG,ESF0.F,Healthcare,Luxembourg,12605693091.84,7879680000.000001,0.96,1575936000.0000002,945561600.0,3151423272.96,1260569309.184,0.0,0.08,0.12,0.15,0.1,50,7879680000.000001
MIS AG,MCW,Consumer Cyclical,United States,1953945472.0,1041660032.0,1.467,208332006.4,124999203.84,488486368.0,195394547.2,0.0,0.08,0.12,0.15,0.1,50,1041660032.0
DRI CORPORATION,DRI,Consumer Cyclical,United States,25313363968.0,12576499712.0,0.614,2515299942.4,1509179965.44,6328340992.0,2531336396.8,0.0,0.08,0.12,0.15,0.1,50,12576499712.0
VISTEON CORPORATION,VC,Consumer Cyclical,United States,2828185856.0,3759000064.0,1.162,751800012.8000001,451080007.68,707046464.0,282818585.6,0.0,0.08,0.12,0.15,0.1,50,3759000064.0
AIT GROUP PLC,AIT,Industrials,United States,10536309760.0,4754024960.0,0.822,950804992.0,570482995.1999999,2634077440.0,1053630976.0,0.0,0.08,0.12,0.15,0.1,50,4754024960.0
POLYCOM INC.,301526.SZ,Consumer Cyclical,China,6683503984.64,1174076395.5200002,1.128,234815279.1040001,140889167.46240002,1670875996.16,668350398.4640001,0.0,0.08,0.12,0.15,0.1,50,1174076395.5200002
JABIL CIRCUIT INC.,JBL,Technology,United States,27447091200.0,31113000960.0,1.24,6222600192.0,3733560115.2,6861772800.0,2744709120.0,0.0,0.08,0.12,0.15,0.1,50,31113000960.0
UPM-KYMMENE OYJ,UPM.HE,Basic Materials,Finland,15439415132.160002,10428480552.96,0.222,2085696110.592,1251417666.3552,3859853783.04,1543941513.2160003,0.0,0.08,0.12,0.15,0.1,50,10428480552.96
PERNOD RICARD SA,RI.PA,Consumer Defensive,France,23051261214.72,11835719516.16,0.369,2367143903.232,1420286341.9392,5762815303.68,2305126121.472,0.0,0.08,0.12,0.15,0.1,50,11835719516.16
PRUDENTIAL PLC,PRU,Financial Services,United States,35812679680.0,61233000448.0,0.951,12246600089.6,7347960053.759999,8953169920.0,3581267968.0,0.0,0.08,0.12,0.15,0.1,50,61233000448.0
SECUNET SECURITY NETWORKS AG,YSN.F,Technology,Germany,1294114959.36,468537972.48,1.197,93707594.496,56224556.6976,323528739.84000003,129411495.93600002,0.0,0.08,0.12,0.15,0.1,50,468537972.48
EVER SA,EVER,Communication Services,United States,531444640.0,644656000.0,0.483,128931200.0,77358720.0,132861160.0,53144464.0,0.0,0.08,0.12,0.15,0.1,50,644656000.0
CLEAR CHANNEL COMMUNICATIONS INC.,CCU,Consumer Defensive,Chile,2639962624.0,0.0,0.218,0.0,0.0,659990656.0,263996262.4,0.0,0.08,0.12,0.15,0.1,50,0.0
ENTRA AB,ENTRA.IS,Utilities,Turkey,22195349504.0,3210774016.0,,642154803.2,385292881.92,5548837376.0,2219534950.4,0.0,0.08,0.12,0.15,0.1,50,3210774016.0
TAC AB,TAC,Utilities,Canada,4000999424.0,2484000000.0,0.436,496800000.0,298080000.0,1000249856.0,400099942.4,0.0,0.08,0.12,0.15,0.1,50,2484000000.0
PEAB AB,BTU,Energy,United States,3982533632.0,3861499904.0,0.503,772299980.8000001,463379988.48,995633408.0,398253363.2000001,0.0,0.08,0.12,0.15,0.1,50,3861499904.0
C-7 GROUP INC.,WFC-PL,Financial Services,United States,194532294656.0,80041000960.0,1.062,16008200192.0,9604920115.2,48633073664.0,19453229465.6,0.0,0.08,0.12,0.15,0.1,50,80041000960.0
E-GO SYSTEMS PLC,EGO,Basic Materials,Canada,9141483520.0,1677410944.0,1.295,335482188.8,201289313.28,2285370880.0,914148352.0,0.0,0.08,0.12,0.15,0.1,50,1677410944.0
CSS HOLDING NV,3LL.F,Industrials,Hong Kong,1660530032.64,3274438901.76,0.352,654887780.3520001,392932668.2112,415132508.16,166053003.26400003,0.0,0.08,0.12,0.15,0.1,50,3274438901.76
AGRA INC.,AGB2.F,Consumer Defensive,Austria,776113090.5600001,3887140166.553601,0.334,713236727.8080001,427942036.6848,194028272.64,77611309.05600001,0.0,0.08,0.12,0.15,0.1,50,3566183639.0400004
CMG PLC,CMG,Consumer Cyclical,United States,49525923840.0,11925601280.0,0.996,2385120256.0,1431072153.6,12381480960.0,4952592384.0,0.0,0.08,0.12,0.15,0.1,50,11925601280.0
FI SYSTEM SA,CBY.F,Financial Services,United States,3157759088.6400003,860697377.2800001,0.806,172139475.45600003,103283685.2736,789439772.1600001,315775908.864,0.0,0.08,0.12,0.15,0.1,50,860697377.2800001
IFS INTERNATIONAL INC.,IFS,Financial Services,Peru,5245325312.0,5497544192.0,0.81,1099508838.4,659705303.04,1311331328.0,524532531.2000001,0.0,0.08,0.12,0.15,0.1,50,5497544192.0
MEDICAL SOLUTIONS PLC,AQA.F,Healthcare,United Kingdom,571669263.36,237928320.00000003,0.605,47585664.00000001,28551398.4,142917315.84,57166926.336,0.0,0.08,0.12,0.15,0.1,50,237928320.00000003
UNICOMP INC.,688531.SS,Industrials,China,1703497994.2400002,135066462.72,1.459,27013292.544,16207975.5264,425874498.56000006,170349799.42400002,0.0,0.08,0.12,0.15,0.1,50,135066462.72
MOGUL AB,FMIZP.IS,Industrials,Turkey,4904077824.0,616254528.0,0.102,123250905.6,73950543.36,1226019456.0,490407782.4,0.0,0.08,0.12,0.15,0.1,50,616254528.0
DRAX HOLDING AB,DRXGY,Utilities,United Kingdom,4321310720.0,5651200000.0,0.774,1130240000.0,678144000.0,1080327680.0,432131072.0,0.0,0.08,0.12,0.15,0.1,50,5651200000.0
TARSUS GROUP PLC,TARS,Healthcare,United States,2662195456.0,366100000.0,0.58,73220000.0,43932000.0,665548864.0,266219545.6,0.0,0.08,0.12,0.15,0.1,50,366100000.0
TECAN GROUP AG,TEN.F,Healthcare,Switzerland,1930200468.48,979123645.44,1.268,195824729.08800003,117494837.4528,482550117.12,193020046.848,0.0,0.08,0.12,0.15,0.1,50,979123645.44
METROPOLE TELEVISION SA,MMT.F,Communication Services,France,1530253486.0800002,1390608000.0,0.701,278121600.0,166872960.0,382563371.52,153025348.608,0.0,0.08,0.12,0.15,0.1,50,1390608000.0
ITG GROUP PLC,ITGR,Healthcare,United States,3053773824.0,1831074048.0,0.744,366214809.6,219728885.76,763443456.0,305377382.40000004,0.0,0.08,0.12,0.15,0.1,50,1831074048.0
BELL GROUP PLC,BRBR,Consumer Defensive,United States,2093169024.0,2320999936.0,0.723,464199987.2000001,278519992.32,523292256.0,209316902.4,0.0,0.08,0.12,0.15,0.1,50,2320999936.0
SHERWOOD INTERNATIONAL PLC,SWC-R.BK,Basic Materials,Thailand,2154523136.0,1676951040.0,0.104,335390208.0,201234124.8,538630784.0,215452313.6,0.0,0.08,0.12,0.15,0.1,50,1676951040.0
DONALDSON COMPANY INC.,DCI,Industrials,United States,12631421952.0,3726200064.0,1.014,745240012.8000001,447144007.68,3157855488.0,1263142195.2,0.0,0.08,0.12,0.15,0.1,50,3726200064.0
GE POWER SYSTEMS EQUITIES INC.,GENUSPOWER.NS,Industrials,India,905092497.408,498067488.768,-0.265,99613497.7536,59768098.65216,226273124.352,90509249.7408,0.0,0.08,0.12,0.15,0.1,50,498067488.768
TRELLEBORG AB,TLLB.F,Industrials,Sweden,9012623708.16,0.0,0.793,0.0,0.0,2253155927.04,901262370.816,0.0,0.08,0.12,0.15,0.1,50,0.0
ENDESA SA,ELE.MC,Utilities,Spain,35909518786.560005,22813919723.52,0.662,4562783944.704,2737670366.8224,8977379696.640001,3590951878.6560006,0.0,0.08,0.12,0.15,0.1,50,22813919723.52
SEAGATE TECHNOLOGY INC.,STX,Technology,Singapore,92899131392.0,10058000384.0,1.635,2011600076.8,1206960046.08,23224782848.0,9289913139.2,0.0,0.08,0.12,0.15,0.1,50,10058000384.0
CARREFOUR SA,CA.PA,Consumer Defensive,France,11742262640.64,103975010087.7312,0.65,19077983502.336,11446790101.4016,2935565660.1600003,1174226264.064,0.0,0.08,0.12,0.15,0.1,50,95389917511.68
JAPAN TOBACCO INC.,JAT.F,Consumer Defensive,Japan,62028513607.68,24717586763.61216,0.154,4943517352.722432,2966110411.633459,15507128401.92,6202851360.768001,0.0,0.08,0.12,0.15,0.1,50,3745088903577.6
PST SA,PSTG,Technology,United States,23934142464.0,3483781888.0,1.273,696756377.6,418053826.56,5983535616.0,2393414246.4,0.0,0.08,0.12,0.15,0.1,50,3483781888.0
IMAX CORPORATION,IMAX,Communication Services,Canada,2037365632.0,377676992.0,0.368,75535398.4,45321239.04,509341408.0,203736563.2,0.0,0.08,0.12,0.15,0.1,50,377676992.0
SIM CORPORATION,SIM,Basic Materials,Mexico,4758239744.0,1806688604.16,0.255,6229960704.0,3737976422.4,1189559936.0,475823974.4,0.0,0.08,0.12,0.15,0.1,50,31149803520.0
HANSEN CORPORATION,HSN.AX,Technology,Australia,593077056.0,259040770.56,0.403,51808154.112,31084892.4672,148269264.0,59307705.6,0.0,0.08,0.12,0.15,0.1,50,259040770.56
E.ON RUHRGAS AG,GLBE,Consumer Cyclical,Israel,5107057664.0,888449984.0,1.238,177689996.8,106613998.08,1276764416.0,510705766.4,0.0,0.08,0.12,0.15,0.1,50,888449984.0
DUKE ENERGY CORPORATION (OLD),DUK,Utilities,United States,98459688960.0,32237000704.0,0.51,6447400140.8,3868440084.48,24614922240.0,9845968896.0,0.0,0.08,0.12,0.15,0.1,50,32237000704.0
LGS GROUP INC.,LGSXY,Utilities,Brazil,504323040.0,2988960358.4,1.149,597792071.6800001,358675243.008,126080760.0,50432304.0,0.0,0.08,0.12,0.15,0.1,50,14944801792.0
APEX SOFTWARE INTERNATIONAL LIMITED,603383.SS,Technology,China,1031085045.76,87899472.64000002,0.319,17579894.528000005,10547936.716800002,257771261.44000003,103108504.57600002,0.0,0.08,0.12,0.15,0.1,50,87899472.64000002
GROUPE BRUXELLES LAMBERT SA/NV,GBLBF,Financial Services,Belgium,11885637632.0,6581000192.0,0.673,1316200038.4,789720023.04,2971409408.0,1188563763.2,0.0,0.08,0.12,0.15,0.1,50,6581000192.0
NATIONAL MOBILE TELEVISION INC.,OOREDOO.KW,Communication Services,Kuwait,816392896.0,774388992.0,0.103,154877798.4,92926679.04,204098224.0,81639289.60000001,0.0,0.08,0.12,0.15,0.1,50,774388992.0
"NATIONAL GRID GROUP PLC, THE",NGG,Utilities,United Kingdom,92156403712.0,17482000384.0,0.583,3496400076.8,2097840046.08,23039100928.0,9215640371.2,0.0,0.08,0.12,0.15,0.1,50,17482000384.0
INTERNATIONAL INTEGRATION INC.,POWI,Technology,United States,2531259904.0,443504000.0,1.353,88700800.0,53220480.0,632814976.0,253125990.4,0.0,0.08,0.12,0.15,0.1,50,443504000.0
IBERDROLA SA,IBE.MC,Utilities,Spain,146626324070.40002,49124232069.12,0.645,9824846413.824,5894907848.2944,36656581017.600006,14662632407.040005,0.0,0.08,0.12,0.15,0.1,50,49124232069.12
QUEST DIAGNOSTICS INC.,DGX,Healthcare,United States,22726258688.0,11034999808.0,0.675,2206999961.6,1324199976.96,5681564672.0,2272625868.8,0.0,0.08,0.12,0.15,0.1,50,11034999808.0
ABN AMRO HOLDING NV,ABN.AS,Financial Services,Netherlands,25435932180.480003,9393840414.72,0.8,1878768082.944,1127260849.7664,6358983045.120001,2543593218.0480003,0.0,0.08,0.12,0.15,0.1,50,9393840414.72
TECHNIP SA,FTI,Energy,United States,25051455488.0,9802999808.0,0.727,1960599961.6,1176359976.96,6262863872.0,2505145548.8,0.0,0.08,0.12,0.15,0.1,50,9802999808.0
VERSANT CORPORATION,VSNT,Communication Services,United States,4270839808.0,6800999936.0,,1360199987.2,816119992.3199999,1067709952.0,427083980.8,0.0,0.08,0.12,0.15,0.1,50,6800999936.0
ICL PLC,ICL,Basic Materials,Israel,7447181824.0,7053000192.0,0.992,1410600038.4,846360023.04,1861795456.0,744718182.4000001,0.0,0.08,0.12,0.15,0.1,50,7053000192.0
OPTION INTERNATIONAL NV,OPCH,Healthcare,United States,5724958208.0,5530490880.0,0.84,1106098176.0,663658905.6,1431239552.0,572495820.8000001,0.0,0.08,0.12,0.15,0.1,50,5530490880.0
RIO TINTO PLC,RIO,Basic Materials,United Kingdom,191670566912.0,53729001472.0,0.617,10745800294.400002,6447480176.639999,47917641728.0,19167056691.2,0.0,0.08,0.12,0.15,0.1,50,53729001472.0
PPG INDUSTRIES INC.,PPG,Basic Materials,United States,29206708224.0,15875000320.0,1.16,3175000064.0,1905000038.4,7301677056.0,2920670822.4,0.0,0.08,0.12,0.15,0.1,50,15875000320.0
CFS GROUP PLC,CFSL.F,Consumer Defensive,Mexico,21554540052.48,18159574308.618244,0.507,62619221753.85601,37571533052.3136,5388635013.12,2155454005.248,0.0,0.08,0.12,0.15,0.1,50,313096108769.28
"DIALOG CORPORATION PLC, THE",7277.KL,Energy,Malaysia,9931124736.0,2600483072.0,0.852,520096614.4,312057968.64,2482781184.0,993112473.6,0.0,0.08,0.12,0.15,0.1,50,2600483072.0
GENERAL AMERICAN ROYALTY INC,GAM,Financial Services,United States,1426084736.0,24306604.0,0.834,4861320.8,2916792.48,356521184.0,142608473.6,0.0,0.08,0.12,0.15,0.1,50,24306604.0
H YOUNG HOLDINGS PLC,603901.SS,Industrials,China,1071977912.32,565612723.2,0.78,113122544.64000002,67873526.78400001,267994478.08,107197791.232,0.0,0.08,0.12,0.15,0.1,50,565612723.2
CROWN CASTLE INTERNATIONAL CORPORATION,CCI,Real Estate,United States,39724396544.0,4264000000.0,0.984,852800000.0,511680000.0,9931099136.0,3972439654.4,0.0,0.08,0.12,0.15,0.1,50,4264000000.0
AMERICAN EXPRESS TRAVEL RELATED SERVICES COMPANY INC.,AXP,Financial Services,United States,237502267392.0,66972999680.0,1.128,13394599936.0,8036759961.599999,59375566848.0,23750226739.2,0.0,0.08,0.12,0.15,0.1,50,66972999680.0
FORTIS NV,FTS,Utilities,Canada,28926873600.0,12170000384.0,0.435,2434000076.8,1460400046.08,7231718400.0,2892687360.0,0.0,0.08,0.12,0.15,0.1,50,12170000384.0
DELPHI GROUP PLC,688170.SS,Industrials,China,600666286.08,105052344.32,0.363,21010468.864000004,12606281.3184,150166571.52,60066628.60800001,0.0,0.08,0.12,0.15,0.1,50,105052344.32
JBA HOLDINGS PLC,JBARF,Financial Services,Switzerland,16118235136.0,3760399872.0,0.845,752079974.4000001,451247984.64,4029558784.0,1611823513.6,0.0,0.08,0.12,0.15,0.1,50,3760399872.0
UNITED INTERNATIONAL HOLDINGS INC.,UPS,Industrials,United States,98544230400.0,88661000192.0,1.087,17732200038.4,10639320023.04,24636057600.0,9854423040.0,0.0,0.08,0.12,0.15,0.1,50,88661000192.0
